Item number,Title,Variation details,Custom label (SKU),Available quantity,Format,Currency,Start price,Auction Buy It Now price,Reserve price,Current price,Sold quantity,Watchers,Bids,Start date,End date,eBay category 1 name,eBay category 1 number,eBay category 2 name,eBay category 2 number,Condition,CD:Professional Grader - (ID: 27501),CD:Grade - (ID: 27502),CDA:Certification Number - (ID: 27503),CD:Card Condition - (ID: 40001),eBay Product ID(ePID),Listing site,P:UPC,P:EAN,P:ISBN
"327073880672",Honeywell FSP1535 Tester UNTESTED,,,"1","FIXED_PRICE","USD",249.99,,,249.99,"0","","","Mar-28-26 19:28:15 PDT","Aug-28-26 19:28:15 PDT","HVAC & Refrigeration: Controls & Circuit Boards","53296","","","Used","","","","","","US","","",""
"327076366940",Vintage Knee Huggers Opaque Knee Highs Black One Size Original Egg Package NOS,,EU-2bd7fc25-48cd-4351-b84b-fa7605b6f56e,"1","FIXED_PRICE","USD",19.99,,,19.99,"0","","","Mar-30-26 08:35:12 PDT","Aug-30-26 08:35:12 PDT","Pantyhose & Stockings","182053","","","New with tags","","","","","","US","","",""
"327076376284",OshKosh B'Gosh Baby Toddler Denim Overalls Floral Trim Snap Leg 6M,,,"1","FIXED_PRICE","USD",17.67,,,17.67,"0","","","Mar-30-26 08:41:49 PDT","Aug-30-26 08:41:49 PDT","One-Pieces","260022","","","Pre-owned - Good","","","","","","US","","",""
"327079839421",173rd Airborne Brigade Sky Soldiers Billy Martin Vietnam War Book Hardcover,,EU-dbface3a-fae6-45dc-b99f-aaf61e09a6c4,"1","FIXED_PRICE","USD",194.99,,,194.99,"0","6","0","Apr-01-26 10:08:36 PDT","Sep-01-26 10:08:36 PDT","Challenge Coins","74710","","","New","","","","","","US","","",""
"327079840660",Purple Bubble Textured Plastic Tumbler Cup Green Translucent Lid Drinkware,,,"1","FIXED_PRICE","USD",35.71,,,35.71,"0","","","Apr-01-26 10:10:07 PDT","Sep-01-26 10:10:07 PDT","Other Glassware & Drinkware","261685","","","Used","","","","","","US","","",""
"327079856809",Vintage Hasbro Sweetie Pups White Plush Dog w/ Original Accessories Comb 1980s,,,"1","FIXED_PRICE","USD",24.99,,,24.99,"0","","","Apr-01-26 10:18:36 PDT","Sep-01-26 10:18:36 PDT","Dolls & Doll Playsets","262346","","","Used","","","","","","US","","",""
"327079861381",Sweet Beginnings I Love Mommy Baby Photo Frame Pacifier Rattle NEW Sealed,,,"1","FIXED_PRICE","USD",31.61,,,31.61,"0","3","0","Apr-01-26 10:22:10 PDT","Sep-01-26 10:22:10 PDT","Frames","73500","","","New","","","","","","US","","",""
"327079866038",Spanx Tight-End Tights Floral Lace Black Size B Hosiery,,,"1","FIXED_PRICE","USD",29.99,,,29.99,"0","1","0","Apr-01-26 10:24:49 PDT","Sep-01-26 10:24:49 PDT","Pantyhose & Tights","11525","","","Pre-owned","","","","","","US","","",""
"327079869248",Nice Touch Promise Silky Sheer Control Top Pantyhose Full Figure X Mahogany Navy,,,"1","FIXED_PRICE","USD",19.72,,,19.72,"0","1","0","Apr-01-26 10:27:28 PDT","Sep-01-26 10:27:28 PDT","Pantyhose & Tights","11525","","","New with tags","","","","","","US","","",""
"327081847145",Vintage HAART DE MEXICO Ceramic Angel Wall Plaque Hand Painted #35,,,"1","FIXED_PRICE","USD",19.99,,,19.99,"0","","","Apr-02-26 11:07:53 PDT","Sep-02-26 11:07:53 PDT","Sculptures & Figurines","261628","","","Used","","","","","","US","","",""
"327081883627",Lourioux Le Faune France Fireproof Porcelain Tart Dish Fluted Scalloped,,,"1","FIXED_PRICE","USD",34.99,,,34.99,"0","0","0","Apr-02-26 11:30:29 PDT","Sep-02-26 11:30:29 PDT","Other Collectible Bakeware","13920","","","Used","","","","","","US","","",""
"327081901492",ZAGG InvisibleShield Glass Elite VisionGuard iPhone 13 Pro Screen Protector NEW,,,"1","FIXED_PRICE","USD",17.66,,,17.66,"0","","","Apr-02-26 11:45:46 PDT","Sep-02-26 11:45:46 PDT","Screen Protectors","58540","","","New","","","","","","US","","",""
"327081915126",Calvin Klein Diamond Gloss Hosiery Tights Style 967 Size A Black Sealed NOS,,,"1","FIXED_PRICE","USD",19.99,,,19.99,"0","1","0","Apr-02-26 11:55:35 PDT","Sep-02-26 11:55:35 PDT","Pantyhose & Tights","11525","","","New with tags","","","","","","US","","",""
"327081915343",Moschino Hosiery Tights Size M Nero Black Neiman Marcus NWT Sealed,,,"1","FIXED_PRICE","USD",54.99,,,54.99,"0","2","0","Apr-02-26 11:55:54 PDT","Sep-02-26 11:55:54 PDT","Pantyhose & Stockings","182053","","","New with tags","","","","","","US","","",""
"327084256485",Lot of 4 Vintage Liddle Kiddle Miss World Beauty Pageant Mini Clone Keychains,,,"1","FIXED_PRICE","USD",29.99,,,29.99,"0","5","0","Apr-03-26 16:58:00 PDT","Aug-03-26 16:58:00 PDT","Dolls & Doll Playsets","262346","","","Used","","","","","","US","","",""
"327086001314",Maggie Co Signed Needlepoint Canvas Women Lounging Pool Scene Unworked,,,"1","FIXED_PRICE","USD",149.99,,,149.99,"0","11","0","Apr-04-26 16:43:12 PDT","Aug-04-26 16:43:12 PDT","Plastic Canvas","19159","","","Used","","","","","","US","","",""
"327087858377",Heredities Limited England Wildlife Figurine Bronze Finish Collectible,,,"1","FIXED_PRICE","USD",24.99,,,24.99,"0","1","0","Apr-05-26 19:38:00 PDT","Aug-05-26 19:38:00 PDT","Sculptures & Figurines","36025","","","Used","","","","","","US","","",""
"327089455912",Disney Moana Hei Hei Rooster Talking Plush Stuffed Animal Toy TESTED WORKING,,,"1","FIXED_PRICE","USD",19.99,,,19.99,"0","","","Apr-06-26 19:19:37 PDT","Aug-06-26 19:19:37 PDT","Plush Toys","142","","","Used","","","","","","US","","",""
"327093019407",Yorkraft Inc The Tiger Matthias Baldwin Jeweler 1856 Train Painting 36”x9”,,,"1","FIXED_PRICE","USD",34.99,,,34.99,"0","0","0","Apr-08-26 20:13:42 PDT","Aug-08-26 20:13:42 PDT","Prints, Posters & Paintings","67759","","","Used","","","","","","US","","",""
"327101856616",Speed Racer Unpunched Sheet Of Pogs,,,"1","FIXED_PRICE","USD",19.99,,,19.99,"0","2","0","Apr-13-26 22:06:33 PDT","Aug-13-26 22:06:33 PDT","Trading Card Sets","261330","","","New","","","","","","US","","",""
"327128967743",MODEL POWER #491 HO BUILDING LIGHTS (2 pcs) 12-16V  - UNOPENED,,,"1","FIXED_PRICE","USD",9.99,,,9.99,"0","","","Apr-28-26 18:43:39 PDT","Aug-28-26 18:43:39 PDT","Lamps & Lights","262313","","","New","","","","","","US","","",""
"327129082369",DONKEY KONG Coleco Game cartridge Authentic Not Tested,,,"1","FIXED_PRICE","USD",9.99,,,9.99,"0","","","Apr-28-26 19:58:21 PDT","Aug-28-26 19:58:21 PDT","Video Games","139973","","","Good","","","","","","US","","",""
"327144498683",SANRIO HELLO KITTY HALLOWEEN X-LARGE CERAMIC COFFEE MUG Double Sided 20Oz NEW,,,"1","FIXED_PRICE","USD",17.69,,,17.69,"0","1","0","May-06-26 20:12:43 PDT","Aug-06-26 20:12:43 PDT","Mugs","261672","","","New","","","","","","US","Does not apply","",""
"327148178236",Mini Art 101 Coloring Travel Kit  Creative Tools Mini Markers,,,"11","FIXED_PRICE","USD",10.5,,,10.5,"1","3","0","May-08-26 15:56:40 PDT","Aug-08-26 15:56:40 PDT","Craft Kits","116655","","","New","","","","","","US","673468720072","",""
"327148179968",Mini Art 101 Travel Watercolor Travel Kit Creative Tools,,,"3","FIXED_PRICE","USD",9.08,,,9.08,"0","2","0","May-08-26 15:59:35 PDT","Aug-08-26 15:59:35 PDT","Art Pencils & Charcoal","28108","","","New","","","","","","US","0673468720041","",""
"327148189116",Brand New Sealed 2006 TUNNELZ Strategy Game 3D Cube Maze Race Brain Complete,,,"1","FIXED_PRICE","USD",29.99,,,29.99,"0","","","May-08-26 16:10:20 PDT","Aug-08-26 16:10:20 PDT","Brain Teasers & Cube/Twist","19187","","","New","","","","","","US","086002029607","",""
"327151337707",Sony Gold MD 80 Minute Minidiscs Shock Resistant USED,,,"12","FIXED_PRICE","USD",10.5,,,10.5,"7","9","0","May-10-26 13:05:48 PDT","Aug-10-26 13:05:48 PDT","MiniDiscs","149959","","","Used","","","","","","US","Does not apply","",""
"327154628597",StarGate-550 XL Excellerator Cable Converter/Tuner Tested Works,,,"1","FIXED_PRICE","USD",39.99,,,39.99,"0","1","0","May-12-26 08:20:49 PDT","Aug-12-26 08:20:49 PDT","Cable TV Boxes","39804","","","Used","","","","","","US","","",""
"327154702840",GE High Beam Round Headlight 4001 12V 28-5873 Replaces 5001 Two Prong Base USA,,,"1","FIXED_PRICE","USD",29.99,,,29.99,"0","","","May-12-26 09:17:11 PDT","Aug-12-26 09:17:11 PDT","Headlight Assemblies","33710","","","New","","","","","","US","","",""
"327154710222",VINTAGE STEREO SPEAKER SELECTOR SWITCH,,,"1","FIXED_PRICE","USD",39.3,,,39.3,"0","1","0","May-12-26 09:23:37 PDT","Aug-12-26 09:23:37 PDT","Vintage Speakers","50597","","","Used","","","","","","US","","",""
"327154726237",Raybestos RRD611 Silver Disc Brake Pads NOS New Old Stock Vintage Car Parts,,,"1","FIXED_PRICE","USD",34.99,,,34.99,"0","","","May-12-26 09:29:43 PDT","Aug-12-26 09:29:43 PDT","Brake Pads","57357","","","New","","","","","","US","","",""
"327154764383",Engine Oil Filter ACDelco PF963,,,"1","FIXED_PRICE","USD",16.8,,,16.8,"0","","","May-12-26 09:52:02 PDT","Aug-12-26 09:52:02 PDT","Oil Filters","33661","","","New","","","","","5038224954","US","","",""
"327154767460",Trailer Connector Plug  Standard Motor Products  TCP61F,,,"1","FIXED_PRICE","USD",19.44,,,19.44,"0","","","May-12-26 09:55:26 PDT","Aug-12-26 09:55:26 PDT","Wiring, Harnesses & Connectors","38789","","","New","","","","","","US","","",""
"327154774697",NEW GENUINE WHITAKER 986P 6 WAY PLUG,,,"1","FIXED_PRICE","USD",19.99,,,19.99,"0","","","May-12-26 10:01:14 PDT","Aug-12-26 10:01:14 PDT","Other RV, Trailer & Camper Parts & Accessories","25621","","","New","","","","","","US","","",""
"327154784290",AC Delco PF51 Duraguard Blue Oil Filter  Made in U.S.A.,,,"1","FIXED_PRICE","USD",14.99,,,14.99,"0","","","May-12-26 10:03:28 PDT","Aug-12-26 10:03:28 PDT","Chevrolet","1316","","","New","","","","","","US","","",""
"327154796298",Motorcraft SW-2220 (E9SZ-9278-A) Oil Pressure Switch,,,"1","FIXED_PRICE","USD",24.99,,,24.99,"0","","","May-12-26 10:07:49 PDT","Aug-12-26 10:07:49 PDT","Engine Sensors & Switches","262125","","","New","","","","","","US","","",""
"327154806296",Filko Tc-74P Connector,,,"1","FIXED_PRICE","USD",19.99,,,19.99,"0","","","May-12-26 10:13:48 PDT","Aug-12-26 10:13:48 PDT","Other Car & Truck Parts & Accessories","9886","","","New","","","","","","US","","",""
"327154812900",TRI-TECH CH-303T,,,"1","FIXED_PRICE","USD",14.66,,,14.66,"0","","","May-12-26 10:16:27 PDT","Aug-12-26 10:16:27 PDT","Distributor Rotors","262181","","","New","","","","","117729033","US","","",""
"327154815673",Filko D-3 Contact Set,,,"1","FIXED_PRICE","USD",19.99,,,19.99,"0","","","May-12-26 10:18:59 PDT","Aug-12-26 10:18:59 PDT","Ignition Points","262186","","","New","","","","","","US","","",""
"327154818115","Trailer Connector Kit Standard TCP61M- PREMIUM QUALITY, NEW CONNECTOR",,,"1","FIXED_PRICE","USD",26.71,,,26.71,"0","","","May-12-26 10:22:07 PDT","Aug-12-26 10:22:07 PDT","Wiring, Harnesses & Connectors","38789","","","New","","","","","","US","","",""
"327154821825",Beck/Arnley Worldparts brake pads W70-278 082-0944,,,"1","FIXED_PRICE","USD",9.99,,,9.99,"0","","","May-12-26 10:27:26 PDT","Aug-12-26 10:27:26 PDT","Brake Pads","57357","","","New","","","","","","US","","",""
"327155254117",Vintage Car Parts Jiffy KIT A130FAX Carb Repair Kit,,,"1","FIXED_PRICE","USD",24.99,,,24.99,"0","","","May-12-26 16:57:24 PDT","Aug-12-26 16:57:24 PDT","Carburetor Parts","33551","","","New","","","","","","US","Does not apply","",""
"327155377427",Label Tape 12mm 4 Cartridges- Open One Was Barely Used,,,"1","FIXED_PRICE","USD",9.99,,,9.99,"0","","","May-12-26 18:12:27 PDT","Aug-12-26 18:12:27 PDT","Label Tapes & Cartridges","58261","","","New","","","","","","US","","",""
"327164398164",Single Cast Iron Ball Claw Foot Bath Tub Foot With Great Patina,,,"1","FIXED_PRICE","USD",39.99,,,39.99,"0","","","May-17-26 20:29:34 PDT","Aug-17-26 20:29:34 PDT","Bathtubs","261710","","","Used","","","","","","US","N/A","",""
"327164426700",Dakin Vintage Leather Rhino Plush Toy Animal 8”,,,"1","FIXED_PRICE","USD",35.66,,,35.66,"0","","","May-17-26 20:52:51 PDT","Aug-17-26 20:52:51 PDT","Dakin","63654","","","Used","","","","","","US","","",""
"327167881960",Vintage Coopercraft Dobermann Pinscher Figurine Ceramic Dog  England,,,"1","FIXED_PRICE","USD",24.99,,,24.99,"0","","","May-19-26 18:20:56 PDT","Aug-19-26 18:20:56 PDT","German Shepherd","10841","","","Used","","","","","","US","","",""
"327167934950",Vintage 1929 1st.edition Magnificent Obsession by Lloyd C. Douglas HC,,,"1","FIXED_PRICE","USD",19.99,,,19.99,"0","1","0","May-19-26 18:58:27 PDT","Aug-19-26 18:58:27 PDT","Antiquarian & Collectible","29223","","","","","","","","","US","","",""
"327167938238",The Outline of History by H.G. Wells Edition 1931 Book New And Revised,,,"1","FIXED_PRICE","USD",24.99,,,24.99,"0","1","0","May-19-26 19:01:44 PDT","Aug-19-26 19:01:44 PDT","Antiquarian & Collectible","29223","","","","","","","","","US","","","Does not apply"
"327167960316","Watership Down (VHS, 1990, Slipsleeve)",,,"1","FIXED_PRICE","USD",14.39,,,14.39,"0","1","0","May-19-26 19:16:10 PDT","Aug-19-26 19:16:10 PDT","VHS Tapes","309","","","Good","","","","","","US","Does not apply","",""
"327171222509",Antique Moritz Zdekauer (MZ) Austria Porcelain Chocolate 10” Pot BEAUTIFUL,,,"1","FIXED_PRICE","USD",39.99,,,39.99,"0","3","0","May-21-26 13:00:59 PDT","Aug-21-26 13:00:59 PDT","Teapots & Tea Sets","68662","","","Used","","","","","","US","","",""
"327171241206",Crafter’s Square Paper Crafts 5 Piece Puffy Stickers Metallic Fleur-De-Lis,,,"47","FIXED_PRICE","USD",10.46,,,10.46,"12","5","0","May-21-26 13:22:33 PDT","Aug-21-26 13:22:33 PDT","Scrapbooking Stickers","34002","","","New","","","","","","US","","",""
"327171363002",Star Wars Funko Pop Lot 9 Loose Figures Kylo Ren Rey BB-8 Flock Chewbacca More,,,"1","FIXED_PRICE","USD",19.99,,,19.99,"0","","","May-21-26 15:14:00 PDT","Aug-21-26 15:14:00 PDT","Collectible Figures & Bobbleheads","149372","","","Used","","","","","","US","","",""
"327171740961",Classics Illustrated #30 The Moonstone 15c September 1965 Vintage Comic,,CI-030-3637,"1","FIXED_PRICE","USD",14.99,,,14.99,"0","","","May-21-26 20:27:14 PDT","Aug-21-26 20:27:14 PDT","Comics & Graphic Novels","259104","","","Good","","","","","","US","","",""
"327171740962",Classics Illustrated #143 Kim 15c August 1965 Vintage Comic,,CI-143-3732,"1","FIXED_PRICE","USD",9.78,,,9.78,"0","","","May-21-26 20:27:14 PDT","Aug-21-26 20:27:14 PDT","Comics & Graphic Novels","259104","","","Good","","","","","","US","","",""
"327171740963",Classics Illustrated #155 The Lion of the North 15c Jan 1964 Comic,,CI-155-3672,"1","FIXED_PRICE","USD",10.49,,,10.49,"0","1","0","May-21-26 20:27:14 PDT","Aug-21-26 20:27:14 PDT","Comics & Graphic Novels","259104","","","Good","","","","","","US","","",""
"327171740964",Classics Illustrated #153 The Invisible Man 15c Feb 1965 Comic,,CI-153-3714,"1","FIXED_PRICE","USD",13.2,,,13.2,"0","","","May-21-26 20:27:14 PDT","Aug-21-26 20:27:14 PDT","Comics & Graphic Novels","259104","","","Good","","","","","","US","","",""
"327171740965",Classics Illustrated #22 The Pathfinder 15c November 1963 Vintage Comic,,CI-022-3655,"1","FIXED_PRICE","USD",11.36,,,11.36,"0","1","0","May-21-26 20:27:14 PDT","Aug-21-26 20:27:14 PDT","Comics & Graphic Novels","259104","","","Good","","","","","","US","","",""
"327171740966","Classics Illustrated #47 20,000 Leagues Under the Sea 15c Jun 1966 Comic",,CI-047-3628,"1","FIXED_PRICE","USD",9.59,,,9.59,"0","3","0","May-21-26 20:27:14 PDT","Aug-21-26 20:27:14 PDT","Comics & Graphic Novels","259104","","","Good","","","","","","US","","",""
"327171740967",Classics Illustrated #2 Ivanhoe 15c May 1964 Vintage Comic,,CI-002-3610,"1","FIXED_PRICE","USD",11.4,,,11.4,"0","0","0","May-21-26 20:27:14 PDT","Aug-21-26 20:27:14 PDT","Comics & Graphic Novels","259104","","","Good","","","","","","US","","",""
"327171740968",Classics Illustrated #48 David Copperfield 15c June 1965 Vintage Comic,,CI-048-3689,"1","FIXED_PRICE","USD",11.04,,,11.04,"0","2","0","May-21-26 20:27:14 PDT","Aug-21-26 20:27:14 PDT","Comics & Graphic Novels","259104","","","Good","","","","","","US","","",""
"327171740969",Classics Illustrated #12 Rip Van Winkle 15c April 1965 Vintage Comic,,CI-012-3616,"1","FIXED_PRICE","USD",29.99,,,29.99,"0","","","May-21-26 20:27:14 PDT","Aug-21-26 20:27:14 PDT","Comics & Graphic Novels","259104","","","Good","","","","","","US","","",""
"327171740970",Classics Illustrated #147 Ben-Hur 15c February 1965 Vintage Comic,,CI-147-3695,"1","FIXED_PRICE","USD",12.29,,,12.29,"0","","","May-21-26 20:27:14 PDT","Aug-21-26 20:27:14 PDT","Comics & Graphic Novels","259104","","","Good","","","","","","US","","",""
"327171740972",Classics Illustrated #32 Lorna Doone 15c November 1965 Vintage Comic,,CI-032-3818,"1","FIXED_PRICE","USD",19.49,,,19.49,"0","0","0","May-21-26 20:27:14 PDT","Aug-21-26 20:27:14 PDT","Comics & Graphic Novels","259104","","","Very Good","","","","","","US","","",""
"327171740973",Classics Illustrated #45 Tom Brown's School Days 15c Vintage Comic,,CI-045-3777,"1","FIXED_PRICE","USD",22.99,,,22.99,"0","","","May-21-26 20:27:14 PDT","Aug-21-26 20:27:14 PDT","Comics & Graphic Novels","259104","","","Good","","","","","","US","","",""
"327171740974",Classics Illustrated #31 The Black Arrow 15c November 1960 Vintage Comic,,CI-031-3786,"1","FIXED_PRICE","USD",19.95,,,19.95,"0","1","0","May-21-26 20:27:14 PDT","Aug-21-26 20:27:14 PDT","Comics & Graphic Novels","259104","","","Good","","","","","","US","","",""
"327171740975",Classics Illustrated #56 Toilers of the Sea 15c March 1964 Vintage Comic,,CI-056-3753,"1","FIXED_PRICE","USD",19.99,,,19.99,"0","","","May-21-26 20:27:14 PDT","Aug-21-26 20:27:14 PDT","Comics & Graphic Novels","259104","","","Good","","","","","","US","","",""
"327171740976",Classics Illustrated #151 Won by the Sword 15c July 1967 Vintage Comic,,CI-151-3747,"1","FIXED_PRICE","USD",10.5,,,10.5,"0","2","0","May-21-26 20:27:14 PDT","Aug-21-26 20:27:14 PDT","Comics & Graphic Novels","259104","","","Good","","","","","","US","","",""
"327171740978",Classics Illustrated #154 The Conspiracy of Pontiac 15c Vintage Comic,,CI-154-3761,"1","FIXED_PRICE","USD",14.99,,,14.99,"0","1","0","May-21-26 20:27:14 PDT","Aug-21-26 20:27:14 PDT","Comics & Graphic Novels","259104","","","Good","","","","","","US","","",""
"327171740980",Classics Illustrated #27 The Adventures of Marco Polo 15c Vintage Comic,,CI-027-3623,"1","FIXED_PRICE","USD",9.99,,,9.99,"0","2","0","May-21-26 20:27:14 PDT","Aug-21-26 20:27:14 PDT","Comics & Graphic Novels","259104","","","Very Good","","","","","","US","","",""
"327171740981",Classics Illustrated #125 The Ox-Bow Incident 15c March 1955 Vintage Comic,,CI-125-3722,"1","FIXED_PRICE","USD",15.89,,,15.89,"0","","","May-21-26 20:27:14 PDT","Aug-21-26 20:27:14 PDT","Comics & Graphic Novels","259104","","","Good","","","","","","US","","",""
"327171740982",Classics Illustrated #55 Silas Marner 15c June 1965 Vintage Comic,,CI-055-3704,"1","FIXED_PRICE","USD",24.99,,,24.99,"0","","","May-21-26 20:27:14 PDT","Aug-21-26 20:27:14 PDT","Comics & Graphic Novels","259104","","","Good","","","","","","US","","",""
"327171740983",Classics Illustrated #161 Cleopatra 15c January 1964 Vintage Comic,,CI-161-3876,"1","FIXED_PRICE","USD",14.99,,,14.99,"0","","","May-21-26 20:27:14 PDT","Aug-21-26 20:27:14 PDT","Comics & Graphic Novels","259104","","","Good","","","","","","US","","",""
"327171740984",Classics Illustrated #24 Connecticut Yankee 15c Vintage Comic,,CI-024-3769,"1","FIXED_PRICE","USD",13.2,,,13.2,"0","","","May-21-26 20:27:14 PDT","Aug-21-26 20:27:14 PDT","Comics & Graphic Novels","259104","","","Good","","","","","","US","","",""
"327171740985",Classics Illustrated #166 Tigers and Traitors 15c Vintage Comic,,CI-166-4023,"1","FIXED_PRICE","USD",14.99,,,14.99,"0","","","May-21-26 20:27:14 PDT","Aug-21-26 20:27:14 PDT","Comics & Graphic Novels","259104","","","Good","","","","","","US","","",""
"327171740987",Classics Illustrated #16 Gulliver's Travels 15c May 1964 Vintage Comic,,CI-016-3646,"1","FIXED_PRICE","USD",19.99,,,19.99,"0","0","0","May-21-26 20:27:14 PDT","Aug-21-26 20:27:14 PDT","Comics & Graphic Novels","259104","","","Good","","","","","","US","","",""
"327171740988",Classics Illustrated #46 Kidnapped 15c Vintage Comic,,CI-046-3808,"1","FIXED_PRICE","USD",22.99,,,22.99,"0","","","May-21-26 20:27:14 PDT","Aug-21-26 20:27:14 PDT","Comics & Graphic Novels","259104","","","Good","","","","","","US","","",""
"327171740990",Classics Illustrated #7 Robin Hood 15c June 1964 Vintage Comic,,CI-007-3793,"1","FIXED_PRICE","USD",19.99,,,19.99,"0","1","0","May-21-26 20:27:14 PDT","Aug-21-26 20:27:14 PDT","Comics & Graphic Novels","259104","","","Good","","","","","","US","","",""
"327171740991",Classics Illustrated #156 Conquest of Mexico 15c Aug 1967 Comic,,CI-156-3739,"1","FIXED_PRICE","USD",12.39,,,12.39,"0","2","0","May-21-26 20:27:14 PDT","Aug-21-26 20:27:14 PDT","Comics & Graphic Novels","259104","","","Very Good","","","","","","US","","",""
"327171740992",Classics Illustrated #18 The Hunchback of Notre Dame 25c Vintage Comic,,CI-018-3974,"1","FIXED_PRICE","USD",9.06,,,9.06,"0","1","0","May-21-26 20:27:14 PDT","Aug-21-26 20:27:14 PDT","Comics & Graphic Novels","259104","","","Good","","","","","","US","","",""
"327171740993",Classics Illustrated #6 A Tale of Two Cities 15c Vintage Comic,,CI-006-3842,"1","FIXED_PRICE","USD",10.94,,,10.94,"0","","","May-21-26 20:27:14 PDT","Aug-21-26 20:27:14 PDT","Comics & Graphic Novels","259104","","","Good","","","","","","US","","",""
"327171740994",Classics Illustrated #61 The Woman in White 15c Vintage Comic,,CI-061-3868,"1","FIXED_PRICE","USD",19.32,,,19.32,"0","1","0","May-21-26 20:27:14 PDT","Aug-21-26 20:27:14 PDT","Comics & Graphic Novels","259104","","","Good","","","","","","US","","",""
"327171740995",Classics Illustrated #130 Caesar's Conquests 15c Vintage Comic,,CI-130-3895,"1","FIXED_PRICE","USD",15.9,,,15.9,"0","2","0","May-21-26 20:27:14 PDT","Aug-21-26 20:27:14 PDT","Comics & Graphic Novels","259104","","","Very Good","","","","","","US","","",""
"327171740996",Classics Illustrated #141 Castle Dangerous 15c Vintage Comic,,CI-141-4067,"1","FIXED_PRICE","USD",11.39,,,11.39,"0","","","May-21-26 20:27:14 PDT","Aug-21-26 20:27:14 PDT","Comics & Graphic Novels","259104","","","Good","","","","","","US","","",""
"327171740997",Classics Illustrated #34 Mysterious Island 15c May 1964 Vintage Comic,,CI-034-4031,"1","FIXED_PRICE","USD",14.99,,,14.99,"0","1","0","May-21-26 20:27:14 PDT","Aug-21-26 20:27:14 PDT","Comics & Graphic Novels","259104","","","Good","","","","","","US","","",""
"327171740998",Classics Illustrated #152 Wild Animals I Have Known 15c Aug 1965 Comic,,CI-152-3802,"1","FIXED_PRICE","USD",10.05,,,10.05,"0","","","May-21-26 20:27:14 PDT","Aug-21-26 20:27:14 PDT","Comics & Graphic Novels","259104","","","Good","","","","","","US","","",""
"327171740999",Classics Illustrated #144 First Men in the Moon 15c May 1958 Comic,,CI-144-3947,"1","FIXED_PRICE","USD",14.09,,,14.09,"0","","","May-21-26 20:27:14 PDT","Aug-21-26 20:27:14 PDT","Comics & Graphic Novels","259104","","","Good","","","","","","US","","",""
"327171741000",Classics Illustrated #10 Robinson Crusoe 15c Vintage Comic,,CI-010-3928,"1","FIXED_PRICE","USD",15.62,,,15.62,"0","","","May-21-26 20:27:14 PDT","Aug-21-26 20:27:14 PDT","Comics & Graphic Novels","259104","","","Good","","","","","","US","","",""
"327171741003",Classics Illustrated #140 On Jungle Trails 15c Vintage Comic,,CI-140-3826,"1","FIXED_PRICE","USD",32.99,,,32.99,"0","1","0","May-21-26 20:27:14 PDT","Aug-21-26 20:27:14 PDT","Comics & Graphic Novels","259104","","","Very Good","","","","","","US","","",""
"327171741004",Classics Illustrated #38 Adventures of Cellini 15c Oct 1966 Comic,,CI-038-3901,"1","FIXED_PRICE","USD",14.99,,,14.99,"0","","","May-21-26 20:27:14 PDT","Aug-21-26 20:27:14 PDT","Comics & Graphic Novels","259104","","","Good","","","","","","US","","",""
"327171741005",Classics Illustrated #65 Benjamin Franklin 15c February 1964 Vintage Comic,,CI-065-3991,"1","FIXED_PRICE","USD",13.23,,,13.23,"0","","","May-21-26 20:27:14 PDT","Aug-21-26 20:27:14 PDT","Comics & Graphic Novels","259104","","","Good","","","","","","US","","",""
"327171741006",Classics Illustrated #54 The Man in the Iron Mask 15c Vintage Comic,,CI-054-3834,"1","FIXED_PRICE","USD",19.49,,,19.49,"0","","","May-21-26 20:27:14 PDT","Aug-21-26 20:27:14 PDT","Comics & Graphic Novels","259104","","","Good","","","","","","US","","",""
"327171741007",Classics Illustrated #138 Journey to Center of Earth 15c Comic,,CI-138-4004,"1","FIXED_PRICE","USD",19.49,,,19.49,"0","","","May-21-26 20:27:14 PDT","Aug-21-26 20:27:14 PDT","Comics & Graphic Novels","259104","","","Good","","","","","","US","","",""
"327171741008",Classics Illustrated #39 Jane Eyre 15c April 1965 Vintage Comic,,CI-039-3918,"1","FIXED_PRICE","USD",17.99,,,17.99,"0","","","May-21-26 20:27:14 PDT","Aug-21-26 20:27:14 PDT","Comics & Graphic Novels","259104","","","Good","","","","","","US","","",""
"327171741009",Classics Illustrated #142 Abraham Lincoln 25c Vintage Comic,,CI-142-3966,"1","FIXED_PRICE","USD",8.39,,,8.39,"0","0","0","May-21-26 20:27:14 PDT","Aug-21-26 20:27:14 PDT","Comics & Graphic Novels","259104","","","Good","","","","","","US","","",""
"327171741010",Classics Illustrated #29 The Prince and the Pauper 15c Vintage Comic,,CI-029-4007,"1","FIXED_PRICE","USD",22.99,,,22.99,"0","","","May-21-26 20:27:14 PDT","Aug-21-26 20:27:14 PDT","Comics & Graphic Novels","259104","","","Good","","","","","","US","","",""
"327171741011",Classics Illustrated #15 Uncle Tom's Cabin 15c Vintage Comic,,CI-015-3909,"1","FIXED_PRICE","USD",16.8,,,16.8,"0","1","0","May-21-26 20:27:14 PDT","Aug-21-26 20:27:14 PDT","Comics & Graphic Novels","259104","","","Good","","","","","","US","","",""
"327171741012",Classics Illustrated #57 Song of Hiawatha 15c Sep 1964 Comic,,CI-057-4044,"1","FIXED_PRICE","USD",13.65,,,13.65,"0","","","May-21-26 20:27:14 PDT","Aug-21-26 20:27:14 PDT","Comics & Graphic Novels","259104","","","Good","","","","","","US","","",""
"327171741013",Classics Illustrated #63 The Man Without a Country 15c Vintage Comic,,CI-063-3858,"1","FIXED_PRICE","USD",11.4,,,11.4,"0","","","May-21-26 20:27:14 PDT","Aug-21-26 20:27:14 PDT","Comics & Graphic Novels","259104","","","Good","","","","","","US","","",""
"327171741014",Classics Illustrated #64 Treasure Island 15c Vintage Comic,,CI-064-4073,"1","FIXED_PRICE","USD",14.99,,,14.99,"0","","","May-21-26 20:27:14 PDT","Aug-21-26 20:27:14 PDT","Comics & Graphic Novels","259104","","","Good","","","","","","US","","",""
"327171741015",Classics Illustrated #149 Off on a Comet 15c Vintage Comic,,CI-149-4081,"1","FIXED_PRICE","USD",14.86,,,14.86,"0","","","May-21-26 20:27:14 PDT","Aug-21-26 20:27:14 PDT","Comics & Graphic Novels","259104","","","Good","","","","","","US","","",""
"327171741016",Classics Illustrated #60 Black Beauty 15c Vintage Comic,,CI-060-4052,"1","FIXED_PRICE","USD",19.5,,,19.5,"0","","","May-21-26 20:27:14 PDT","Aug-21-26 20:27:14 PDT","Comics & Graphic Novels","259104","","","Good","","","","","","US","","",""
"327176052430","Homebright Free and Clear Dish Detergent, 10-pc. Pack",,,"20","FIXED_PRICE","USD",9.99,,,9.99,"0","","","May-24-26 08:40:44 PDT","Aug-24-26 08:40:44 PDT","Soap & Detergent","876","","","New","","","","","","US","","",""
"327176705919","Vintage Leather Wrapped Sculpture Statue Figure Roaring Elephant 13"" X 13"" READ",,,"1","FIXED_PRICE","USD",19.99,,,19.99,"0","4","0","May-24-26 18:39:18 PDT","Aug-24-26 18:39:18 PDT","Figurines","37867","","","Used","","","","","","US","","",""
"327176715825",Bulova Caravelle Watch Parts - 11OXAC Caliber - See Images - SEALED Packets,,,"1","FIXED_PRICE","USD",24.99,,,24.99,"0","","","May-24-26 18:50:20 PDT","Aug-24-26 18:50:20 PDT","Other Watch Parts","10324","","","New with tags","","","","","","US","","",""
"327176727665",Bulova Caravelle Watch Parts - 11ORAC Caliber - See Images - SEALED Packets,,,"1","FIXED_PRICE","USD",34.99,,,34.99,"0","1","0","May-24-26 19:00:25 PDT","Aug-24-26 19:00:25 PDT","Other Watch Parts","10324","","","New with tags","","","","","","US","","",""
"327176736146",Bulova Caravelle Watch Parts - 80RC Caliber - See Images - SEALED Packets,,,"1","FIXED_PRICE","USD",99.99,,,99.99,"0","","","May-24-26 19:05:52 PDT","Aug-24-26 19:05:52 PDT","Other Watch Parts","10324","","","New with tags","","","","","","US","","",""
"327176752460",Bulova Caravelle Watch Parts - 110FC Caliber - See Images - SEALED Packets,,,"1","FIXED_PRICE","USD",99.99,,,99.99,"0","","","May-24-26 19:14:26 PDT","Aug-24-26 19:14:26 PDT","Other Watch Parts","10324","","","New with tags","","","","","","US","","",""
"327176762591",Bulova Caravelle Watch Parts - 100AC Caliber - See Images - SEALED Packets,,,"1","FIXED_PRICE","USD",29.99,,,29.99,"0","","","May-24-26 19:20:36 PDT","Aug-24-26 19:20:36 PDT","Other Watch Parts","10324","","","New with tags","","","","","","US","","",""
"327176765483",Bulova Caravelle Watch Parts - 10AC Caliber - See Images - SEALED Packets,,,"1","FIXED_PRICE","USD",19.99,,,19.99,"0","1","0","May-24-26 19:23:35 PDT","Aug-24-26 19:23:35 PDT","Other Watch Parts","10324","","","New with tags","","","","","","US","","",""
"327176777705",Bulova Caravelle Watch Parts - 60AC Caliber - See Images - SEALED Packets,,,"1","FIXED_PRICE","USD",44.99,,,44.99,"0","","","May-24-26 19:31:28 PDT","Aug-24-26 19:31:28 PDT","Other Watch Parts","10324","","","New with tags","","","","","","US","","",""
"327176786538",Bulova Caravelle Watch Parts - 110S Caliber - See Images - SEALED Packets,,,"1","FIXED_PRICE","USD",64.99,,,64.99,"0","","","May-24-26 19:35:42 PDT","Aug-24-26 19:35:42 PDT","Other Watch Parts","10324","","","New with tags","","","","","","US","","",""
"327176789983",Bulova Caravelle Watch Parts - 110BAC Caliber - See Images - SEALED Packets,,,"1","FIXED_PRICE","USD",84.99,,,84.99,"0","","","May-24-26 19:39:20 PDT","Aug-24-26 19:39:20 PDT","Other Watch Parts","10324","","","New with tags","","","","","","US","","",""
"327176822238",Bulova Caravelle Watch Parts - 110AC Caliber - See Images - SEALED Packets,,,"1","FIXED_PRICE","USD",79.99,,,79.99,"0","","","May-24-26 20:07:53 PDT","Aug-24-26 20:07:53 PDT","Other Watch Parts","10324","","","New with tags","","","","","","US","","",""
"327176880194",Vintage Jaska of California Acorn Collection - Yellow W Brown Drip Glaze,,,"1","FIXED_PRICE","USD",69.99,,,69.99,"0","","","May-24-26 21:00:15 PDT","Aug-24-26 21:00:15 PDT","Dinner Service Sets","36032","","","Used","","","","","","US","","",""
"327192392120",Vintage SAINT GRAAL Aqua Glass Silver Overlay Art Deco French Candle Holder,,,"1","FIXED_PRICE","USD",44.99,,,44.99,"0","","","Jun-02-26 16:01:12 PDT","Sep-02-26 16:01:12 PDT","Candle Holders","4062","","","Used","","","","","","US","","",""
"327200404695",Caravelle by Bulova 11OAC Watch Parts Envelopes Lot of 10,,7bd62ada-015,"1","FIXED_PRICE","USD",19.49,,,19.49,"0","2","0","Jun-06-26 23:59:50 PDT","Aug-06-26 23:59:50 PDT","Other Watch Parts","10324","","","New without tags","","","","","","US","","",""
"327200404697",Vintage George Good Taiwan White Porcelain Duck Goose Figurine,,7bd62ada-013,"1","FIXED_PRICE","USD",29.99,,,29.99,"0","0","0","Jun-06-26 23:59:50 PDT","Aug-06-26 23:59:50 PDT","Ducks","10812","","","Used","","","","","","US","","",""
"327200404698",Kathy Van Zeeland Brown Canvas Belted Shoulder Bag Blue Lining,,7bd62ada-005,"1","FIXED_PRICE","USD",24.99,,,24.99,"0","","","Jun-06-26 23:59:50 PDT","Aug-06-26 23:59:50 PDT","Women's Bags & Handbags","169291","","","Pre-owned - Good","","","","","","US","","",""
"327200404701",Lovevery Play Guides Cards Lot Baby Toddler 0-48 Months,,7bd62ada-004,"1","FIXED_PRICE","USD",45.99,,,45.99,"0","","","Jun-06-26 23:59:50 PDT","Aug-06-26 23:59:50 PDT","Developmental Baby Toys","100227","","","Used","","","","","","US","","",""
"327200404704",Vintage Signed Boucher Roadrunner Brooch Green Blue Enamel Red Eye Gold Tone,,7bd62ada-012,"1","FIXED_PRICE","USD",79.99,,,79.99,"0","3","0","Jun-06-26 23:59:50 PDT","Aug-06-26 23:59:50 PDT","Brooches & Pins","262004","","","Pre-owned - Good","","","","","","US","","",""
"327200404705",ESCADA Fiesta Carioca Ombre Hard Case Clutch Bag Pink Lining,,7bd62ada-014,"1","FIXED_PRICE","USD",54.99,,,54.99,"0","","","Jun-06-26 23:59:50 PDT","Aug-06-26 23:59:50 PDT","Women's Bags & Handbags","169291","","","Pre-owned - Good","","","","","","US","","",""
"327200404706",Vintage Suzuki's Piano Stringwire 500g #13.5 #14 Lot of 2 Japan,,7bd62ada-032,"1","FIXED_PRICE","USD",39.99,,,39.99,"0","","","Jun-06-26 23:59:50 PDT","Aug-06-26 23:59:50 PDT","Parts & Accessories","182215","","","","","","","","","US","","",""
"327200404707",Enesco Growing Up Birthday Girls Figurines Lot Ages 1 4 6 8 10 16,,7bd62ada-003,"1","FIXED_PRICE","USD",39.99,,,39.99,"0","5","0","Jun-06-26 23:59:50 PDT","Aug-06-26 23:59:50 PDT","Sculptures & Figurines","261628","","","Used","","","","","","US","","",""
"327200404711",USPS Celebrate Century Mousepad Rudolph VHS Classic Monsters Pins,,7bd62ada-009,"1","FIXED_PRICE","USD",19.99,,,19.99,"0","","","Jun-06-26 23:59:50 PDT","Aug-06-26 23:59:50 PDT","Memorabilia","179402","","","","","","","","","US","","",""
"327203577184",Marantaz Rc3001 Intelligent Remote Control In Original Box W Manual READ,,,"1","FIXED_PRICE","USD",199.99,,,199.99,"0","","","Jun-08-26 19:17:49 PDT","Aug-08-26 19:17:49 PDT","Remote Controls","61312","","","Open box","","","","","","US","","",""
"327208439792",The World Trade Center: A Landmark to Remember 2001 Paperback,,c09c827f-001,"1","FIXED_PRICE","USD",11.65,,,11.65,"0","0","0","Jun-11-26 14:43:53 PDT","Aug-11-26 14:43:53 PDT","Books","261186","","","Good","","","","","","US","","",""
"327208439796",National Geographic Magazine September 1953 Vol 104 No 3 Maps,,8a5efc98-001,"1","FIXED_PRICE","USD",13.32,,,13.32,"0","","","Jun-11-26 14:43:53 PDT","Aug-11-26 14:43:53 PDT","Magazines","280","","","Good","","","","","","US","","",""
"327208439799",TMNT #55 Blindbox Splinter Action Figure Variant Comic IDW 2016 Ltd 300,,b52637d3-001,"1","FIXED_PRICE","USD",49.99,,,49.99,"0","","","Jun-11-26 14:43:53 PDT","Aug-11-26 14:43:53 PDT","Comics & Graphic Novels","259104","","","Very Good","","","","","","US","","",""
"327208439800",TMNT #65 Blindbox Donatello Purple Action Figure Variant IDW 2016,,e8a6a92c-001,"1","FIXED_PRICE","USD",79.99,,,79.99,"0","6","0","Jun-11-26 14:43:53 PDT","Aug-11-26 14:43:53 PDT","Comics & Graphic Novels","259104","","","Very Good","","","","","","US","","",""
"327208439804",Spawn #66 Image Comics 1997 Todd McFarlane Greg Capullo,,11a82269-001,"1","FIXED_PRICE","USD",13.2,,,13.2,"0","","","Jun-11-26 14:43:53 PDT","Aug-11-26 14:43:53 PDT","Comics & Graphic Novels","259104","","","Very Good","","","","","","US","","",""
"327208439809",Pogo by Walt Kelly 1951 Simon & Schuster Paperback Comic Strips,,554bdfc5-001,"1","FIXED_PRICE","USD",24.99,,,24.99,"0","","","Jun-11-26 14:43:53 PDT","Aug-11-26 14:43:53 PDT","Comics & Graphic Novels","259104","","","Good","","","","","","US","","",""
"327208471868",Set of 3 Horror Movie Rocks Glasses Beetlejuice Ghostface Jason,,dbe9da9d-001,"1","FIXED_PRICE","USD",34.99,,,34.99,"0","","","Jun-11-26 15:11:13 PDT","Aug-11-26 15:11:13 PDT","Whisky & Liquor Glasses","261684","","","Used","","","","","","US","","",""
"327208471870",TMNT Bebop & Rocksteady Destroy Everything #1 Blindbox Rocksteady Var,,89975260-001,"1","FIXED_PRICE","USD",34.99,,,34.99,"0","1","0","Jun-11-26 15:11:13 PDT","Aug-11-26 15:11:13 PDT","Comics & Graphic Novels","259104","","","Like New","","","","","","US","","",""
"327208471876",Crafter's Square Stickers with Faux Jewels 6 Pc Puffy Gem Medallions,,fdb07b25-001,"1","FIXED_PRICE","USD",9.71,,,9.71,"0","1","0","Jun-11-26 15:11:13 PDT","Aug-11-26 15:11:13 PDT","Scrapbooking Stickers","34002","","","New","","","","","","US","","",""
"327208471877",Vintage Eagle Clay Poker Chips Yellow Lot of 15,,07b2e87c-001,"1","FIXED_PRICE","USD",36.99,,,36.99,"0","1","0","Jun-11-26 15:11:13 PDT","Aug-11-26 15:11:13 PDT","Poker Chips","150119","","","Used","","","","","","US","","",""
"327208471878",Crafter's Square 6 pc Puffy Jewel Paper Craft Stickers Faux Metal,,3ce061fa-001,"1","FIXED_PRICE","USD",9.71,,,9.71,"0","","","Jun-11-26 15:11:13 PDT","Aug-11-26 15:11:13 PDT","Telescopes & Astronomy","31745","","","New","","","","","","US","","",""
"327208471880",National Geographic Magazine March 1953 Vol CIII No 3 Vintage,,2f44dde8-001,"1","FIXED_PRICE","USD",15.99,,,15.99,"0","1","0","Jun-11-26 15:11:13 PDT","Aug-11-26 15:11:13 PDT","Magazines","280","","","Acceptable","","","","","","US","","",""
"327208471881",Crafter's Square Puffy Key & Lock Jewel Stickers 6pc Paper Crafts,,51aeba12-001,"1","FIXED_PRICE","USD",9.71,,,9.71,"0","","","Jun-11-26 15:11:13 PDT","Aug-11-26 15:11:13 PDT","Scrapbooking Stickers","34002","","","New","","","","","","US","","",""
"327208471883",Paper Girls #1-5 & #7 - 6 Comic Lot Image Comics Vaughan Chiang,,1cb38e5c-001,"1","FIXED_PRICE","USD",24.99,,,24.99,"0","","","Jun-11-26 15:11:13 PDT","Aug-11-26 15:11:13 PDT","Comics & Graphic Novels","259104","","","Very Good","","","","","","US","","",""
"327208471884",Crafter's Square 8pc Puffy Metallic Stickers Hope Love Forever Cherish,,d6979dae-001,"1","FIXED_PRICE","USD",9.71,,,9.71,"0","1","0","Jun-11-26 15:11:13 PDT","Aug-11-26 15:11:13 PDT","Scrapbooking Stickers","34002","","","New","","","","","","US","","",""
"327208471887",National Geographic Magazine August 1953 Vol CIV No 2 Safari Mt McKinley,,21802d78-001,"1","FIXED_PRICE","USD",16.82,,,16.82,"0","","","Jun-11-26 15:11:13 PDT","Aug-11-26 15:11:13 PDT","Magazines","280","","","Good","","","","","","US","","",""
"327208471888",Hollywood Domino Premiere Edition Parker Brothers Hasbro 2008 Game 05654,,07db58c2-001,"1","FIXED_PRICE","USD",39.61,,,39.61,"0","","","Jun-11-26 15:11:13 PDT","Aug-11-26 15:11:13 PDT","Contemporary Manufacture","180349","","","Used","","","","","","US","","",""
"327208471889",Chitty Chitty Bang Bang Ian Fleming 1964 Random House HC/DJ 5th Printing,,b88e30b1-001,"1","FIXED_PRICE","USD",36.24,,,36.24,"0","0","0","Jun-11-26 15:11:13 PDT","Aug-11-26 15:11:13 PDT","Antiquarian & Collectible","29223","","","","","","","","","US","","",""
"327208471892",Danny Dunn and the Fossil Cave 1969 Weekly Reader HC Williams Abrashkin,,15b296c3-001,"1","FIXED_PRICE","USD",13.67,,,13.67,"0","","","Jun-11-26 15:11:13 PDT","Aug-11-26 15:11:13 PDT","Antiquarian & Collectible","29223","","","","","","","","","US","","",""
"327208471894",1992 Arrowcatch Roy Rogers King of the Cowboys 70 Card Sealed Set,,8df21472-001,"1","FIXED_PRICE","USD",14.99,,,14.99,"0","2","0","Jun-11-26 15:11:13 PDT","Aug-11-26 15:11:13 PDT","Trading Card Sets","183052","","","New","","","","","","US","","",""
"327208471895",Vintage Grumbacher Art Library Lot 4 Art Instruction Books B370 B403-B405,,ea22dd59-001,"1","FIXED_PRICE","USD",36.24,,,36.24,"0","3","0","Jun-11-26 15:11:13 PDT","Aug-11-26 15:11:13 PDT","Books","261186","","","Acceptable","","","","","","US","","",""
"327208471896",50 Norman Rockwell Favorites 1977 Large Poster Art Book Finch,,7dbc5300-001,"1","FIXED_PRICE","USD",17.38,,,17.38,"0","2","0","Jun-11-26 15:11:13 PDT","Aug-11-26 15:11:13 PDT","Books","261186","","","Acceptable","","","","","","US","","",""
"327208471899",2010-11 Dallas Mavericks NBA Finals Champions USPS Art Print 16x12 Sealed,,01c92767-001,"1","FIXED_PRICE","USD",19.99,,,19.99,"0","","","Jun-11-26 15:11:13 PDT","Aug-11-26 15:11:13 PDT","Basketball-NBA","24442","","","New","","","","","","US","","",""
"327208471901",Vintage Fisher-Price #739 Poodle Zilo Pull Toy Xylophone 1962,,839f6e2a-001,"1","FIXED_PRICE","USD",29.99,,,29.99,"0","1","0","Jun-11-26 15:11:13 PDT","Aug-11-26 15:11:13 PDT","Pull Toys","19177","","","Used","","","","","","US","","",""
"327208481229",The New Self-Sufficient Gardener John Seymour DK 2008 Paperback,,037b5f09-001,"1","FIXED_PRICE","USD",24.99,,,24.99,"0","1","0","Jun-11-26 15:19:00 PDT","Aug-11-26 15:19:00 PDT","Books","261186","","","Very Good","","","","","","US","","",""
"327208484405",Hardy Boys #13 The Mark on the Door HC DJ 1950s Reprint G&D,,dc43a4e4-001,"1","FIXED_PRICE","USD",14.99,,,14.99,"0","","","Jun-11-26 15:22:04 PDT","Aug-11-26 15:22:04 PDT","Antiquarian & Collectible","29223","","","","","","","","","US","","",""
"327208484407",Western Electric 2910A10-50 Stowaway Touch-Tone Phone Untested,,f2db20f3-001,"1","FIXED_PRICE","USD",34.99,,,34.99,"0","7","0","Jun-11-26 15:22:04 PDT","Aug-11-26 15:22:04 PDT","1970-Now","985","","","","","","","","","US","","",""
"327209017368",Lattelier Camel Wool Blend Oversized Long Coat Women's One Size,,1723526d-001,"1","FIXED_PRICE","USD",39.99,,,39.99,"0","","","Jun-11-26 23:00:03 PDT","Aug-11-26 23:00:03 PDT","Coats, Jackets & Vests","63862","","","Pre-owned - Good","","","","","","US","","",""
"327209017374",The Amityville Horror Jay Anson 1978 Bantam Paperback Vintage Horror,,22212f7a-001,"1","FIXED_PRICE","USD",16.05,,,16.05,"0","","","Jun-11-26 23:00:03 PDT","Aug-11-26 23:00:03 PDT","Books","261186","","","Acceptable","","","","","","US","","",""
"327209017379",Close Encounters of the Third Kind Special Edition LaserDisc 2 Disc,,37568e8e-001,"1","FIXED_PRICE","USD",18.56,,,18.56,"0","4","0","Jun-11-26 23:00:04 PDT","Aug-11-26 23:00:04 PDT","Laserdiscs","381","","","Acceptable","","","","","","US","","",""
"327209017383",Lot of 3 Xena Warrior Princess Paperbacks Ru Emerson Greenberg,,a5feccfc-001,"1","FIXED_PRICE","USD",16.93,,,16.93,"0","1","0","Jun-11-26 23:00:04 PDT","Aug-11-26 23:00:04 PDT","Books","261186","","","Acceptable","","","","","","US","","",""
"327210226701",Windshield Wiper Switch Standard DS-193,,,"1","FIXED_PRICE","USD",19.42,,,19.42,"0","","","Jun-12-26 14:02:42 PDT","Aug-12-26 14:02:42 PDT","Switches & Controls","50459","","","New","","","","","174901412","US","","",""
"327213769321",Watch-It MLN-3005 Womens Quartz Stretch Watch New Battery Working,,cfba9092-001,"1","FIXED_PRICE","USD",14.99,,,14.99,"0","","","Jun-14-26 17:33:36 PDT","Aug-14-26 17:33:36 PDT","Wristwatches","31387","","","Pre-owned - Good","","","","","","US","","",""
"327213769322",Vintage Chevrolet Corvette Crossed Flags Ski Enamel Lapel Pin TM GM,,a9bb1bd6-001,"1","FIXED_PRICE","USD",15.44,,,15.44,"0","0","0","Jun-14-26 17:33:36 PDT","Aug-14-26 17:33:36 PDT","Pins","14044","","","Used","","","","","","US","","",""
"327213769323",Lot of 8 Vintage Hanes Pantyhose NOS Control Top Toeless Sheer,,25c208a1-001,"1","FIXED_PRICE","USD",19.99,,,19.99,"0","","","Jun-14-26 17:33:36 PDT","Aug-14-26 17:33:36 PDT","Pantyhose & Tights","11525","","","New with imperfections","","","","","","US","","",""
"327213769326",NOS Vintage Pantyhose Lot 4 Pkgs 6 Pairs Black Nice Touch Milian,,d6d4253c-001,"1","FIXED_PRICE","USD",34.99,,,34.99,"0","3","0","Jun-14-26 17:33:36 PDT","Aug-14-26 17:33:36 PDT","Pantyhose & Tights","11525","","","New with tags","","","","","","US","","",""
"327213769331",Charatan's Make London England Smoker's Inn Custom Estate Pipe,,d33f147b-001,"1","FIXED_PRICE","USD",79.99,,,79.99,"0","7","0","Jun-14-26 17:33:36 PDT","Aug-14-26 17:33:36 PDT","Estate","4119","","","Used","","","","","","US","","",""
"327213769332",Vintage Lot 2 Regular Pantyhose Coffee Size A #1700 NOS,,7d281ad2-001,"1","FIXED_PRICE","USD",19.99,,,19.99,"0","3","0","Jun-14-26 17:33:36 PDT","Aug-14-26 17:33:36 PDT","Pantyhose & Tights","11525","","","New with imperfections","","","","","","US","","",""
"327213769333",Vintage Garvey 453 Maintenance Kit w/ 6 Price Markers Cleaner & Case Lot,,f0c236c9-001,"1","FIXED_PRICE","USD",29.99,,,29.99,"0","1","0","Jun-14-26 17:33:36 PDT","Aug-14-26 17:33:36 PDT","Label Guns","109421","","","Used","","","","","","US","","",""
"327213769336",McCoy Blue Grape Leaf Pitcher Vase Ewer Art Pottery,,24e8d5e6-001,"1","FIXED_PRICE","USD",39.99,,,39.99,"0","1","0","Jun-14-26 17:33:36 PDT","Aug-14-26 17:33:36 PDT","Vases","262408","","","Used","","","","","","US","","",""
"327213769340",Lot 2 1980 J.R. Ewing's Private Stock Empty Beer Cans Pearl Dallas,,209433a4-001,"1","FIXED_PRICE","USD",9.99,,,9.99,"0","","","Jun-14-26 17:33:36 PDT","Aug-14-26 17:33:36 PDT","Pull Tabs","3918","","","Used","","","","","","US","","",""
"327213769341",Vintage Brumberger Mosler Junior 10 in Metal Toy Safe Coin Bank,,12048e9d-001,"1","FIXED_PRICE","USD",49.99,,,49.99,"0","","","Jun-14-26 17:33:36 PDT","Aug-14-26 17:33:36 PDT","Other Collectible Still Banks","886","","","Used","","","","","","US","","",""
"327213769344",Mack Trucks 100th Anniversary Bulldog Playing Cards Tin 2 Sealed Decks,,0a47da38-001,"1","FIXED_PRICE","USD",19.99,,,19.99,"0","","","Jun-14-26 17:33:36 PDT","Aug-14-26 17:33:36 PDT","Playing Cards","35728","","","Used","","","","","","US","","",""
"327213769346",Vintage L'eggs Sheer Energy Q/Q+ Pantyhose & Knee Huggers Lot 4,,ff6700ca-001,"1","FIXED_PRICE","USD",29.99,,,29.99,"0","0","0","Jun-14-26 17:33:36 PDT","Aug-14-26 17:33:36 PDT","Pantyhose & Tights","11525","","","New with imperfections","","","","","","US","","",""
"327213769347",Vintage DMC W-200A 6th Ed Six Strand & Pearl Cotton Color Card,,53472896-001,"1","FIXED_PRICE","USD",14.1,,,14.1,"0","","","Jun-14-26 17:33:36 PDT","Aug-14-26 17:33:36 PDT","Hand Embroidery Floss & Thread","28144","","","Used","","","","","","US","","",""
"327213769348",New Lot 6 Hanes Silk Reflections & Nordstrom Encore Pantyhose AB CD 3X,,374caaa6-001,"1","FIXED_PRICE","USD",34.99,,,34.99,"0","","","Jun-14-26 17:33:36 PDT","Aug-14-26 17:33:36 PDT","Pantyhose & Tights","11525","","","New with tags","","","","","","US","","",""
"327213769349",Vintage NOS Knee Highs Pantyhose Lot Hanes Sears Mervyns 18 Pkgs,,f7c334b4-001,"1","FIXED_PRICE","USD",39.99,,,39.99,"0","1","0","Jun-14-26 17:33:36 PDT","Aug-14-26 17:33:36 PDT","Pantyhose & Stockings","182053","","","New with tags","","","","","","US","","",""
"327213769351",USX-L125 United States Express Co Batavia NY Strip,,4b0ccf67-001,"1","FIXED_PRICE","USD",29.99,,,29.99,"0","","","Jun-14-26 17:33:36 PDT","Aug-14-26 17:33:36 PDT","Other US Back of Book Stamps","681","","","","","","","","","US","","",""
"327213829182",Disney Winnie the Pooh 3D Collector Tin 2 Decks Playing Cards USPCC,,260d8661-001,"1","FIXED_PRICE","USD",19.99,,,19.99,"0","2","0","Jun-14-26 18:24:07 PDT","Aug-14-26 18:24:07 PDT","Playing Cards","166571","","","Used","","","","","","US","","",""
"327213829183",Roy Rogers Rainbow Over Texas Sealed Playing Cards 2003 Western Deck,,4f9d00bd-001,"1","FIXED_PRICE","USD",14.99,,,14.99,"0","","","Jun-14-26 18:24:07 PDT","Aug-14-26 18:24:07 PDT","Playing Cards","1438","","","New","","","","","","US","","",""
"327215209078",2017 White House Historical Association Christmas Ornament FDR Roosevelt,,68a489a8-001,"1","FIXED_PRICE","USD",19.47,,,19.47,"0","1","0","Jun-15-26 13:57:02 PDT","Aug-15-26 13:57:02 PDT","Ornaments","77988","","","Used","","","","","","US","","",""
"327215209079",Faye Russo Carmel Mission Basilica Papal Visit 1987 Art Print 14/60,,e5139b6f-001,"1","FIXED_PRICE","USD",69.99,,,69.99,"0","1","0","Jun-15-26 13:57:02 PDT","Aug-15-26 13:57:02 PDT","Art Prints","360","","","Used","","","","","","US","","",""
"327216556542",6-Disc Compact Disc Magazine CD Changer Cartridge Black Used,,b48c3ef8-001,"1","FIXED_PRICE","USD",31.41,,,31.41,"0","","","Jun-16-26 08:29:12 PDT","Aug-16-26 08:29:12 PDT","Other TV, Video & Audio Accs","61395","","","Used","","","","","","US","","",""
"327216854612",Vintage Weston Master II Model 735 Exposure Light Meter USA w/ Leather Case,,2212d255-001,"1","FIXED_PRICE","USD",34.99,,,34.99,"0","1","0","Jun-16-26 12:17:44 PDT","Aug-16-26 12:17:44 PDT","Light Meters","88668","","","Used","","","","","","US","","",""
"327216854614",Kodak Kodalite Midget Flasholder No. 740 Camera Flash w/Bulb,,4da544cf-001,"1","FIXED_PRICE","USD",15.75,,,15.75,"0","","","Jun-16-26 12:17:44 PDT","Aug-16-26 12:17:44 PDT","Vintage Parts & Accessories","4702","","","","","","","","","US","","",""
"327216854615",Dell V7K50 Longwell 125V 7A 3-Prong AC Adapter Plug 0V7K50,,a513e7f8-001,"2","FIXED_PRICE","USD",14.99,,,14.99,"0","","","Jun-16-26 12:17:44 PDT","Aug-16-26 12:17:44 PDT","Laptop Power Adapters/Chargers","31510","","","Used","","","","","","US","","",""
"327216854616",Vintage GE General Electric 8DW58Y4 DW-58 Exposure Light Meter w/ Case,,fa7326c5-001,"1","FIXED_PRICE","USD",14.99,,,14.99,"0","1","0","Jun-16-26 12:17:44 PDT","Aug-16-26 12:17:44 PDT","Light Meters","88668","","","Used","","","","","","US","","",""
"327216854619",iDream365 Pack of 8 Capacitive Touch Stylus Pens Assorted Colors,,f4e9812c-001,"1","FIXED_PRICE","USD",14.09,,,14.09,"0","","","Jun-16-26 12:17:44 PDT","Aug-16-26 12:17:44 PDT","Styluses","48677","","","Open box","","","","","","US","","",""
"327216854622",Gamma Scientific 700-10-64 Scanning Micrometer Eyepiece NASA Nikon 10x,,69c30115-001,"1","FIXED_PRICE","USD",74.99,,,74.99,"0","2","0","Jun-16-26 12:17:44 PDT","Aug-16-26 12:17:44 PDT","Microscope Micrometers","185277","","","For parts or not working","","","","","","US","","",""
"327216855766",LEGO Mindstorms NXT 9pc Sensor & Servo Motor Lot 9842 9844 9845 9846,,9fd2283b-001,"1","FIXED_PRICE","USD",84.99,,,84.99,"0","1","0","Jun-16-26 12:19:28 PDT","Aug-16-26 12:19:28 PDT","LEGO (R) Power Elements","263011","","","Used","","","","","","US","","",""
"327216888035",Pentax P3 35mm SLR w/ Vivitar 75-250mm Lens & Soligor 2X TC Untested,,221bc91e-001,"1","FIXED_PRICE","USD",106.44,,,106.44,"0","3","0","Jun-16-26 12:54:12 PDT","Aug-16-26 12:54:12 PDT","Film Cameras","15230","","","For parts or not working","","","","","","US","","",""
"327216888036",Sencore EX231 Jack Expander & SCR224 SCR Triac Test Accessory Lot Untested,,c99e4ba2-001,"1","FIXED_PRICE","USD",69.99,,,69.99,"0","2","0","Jun-16-26 12:54:12 PDT","Aug-16-26 12:54:12 PDT","Other Test Equipment Parts & Accessories","25414","","","Used","","","","","","US","","",""
"327218330316",Poptech Grip Car Phone Mount NEW,,,"1","FIXED_PRICE","USD",9.99,,,9.99,"0","","","Jun-17-26 08:13:51 PDT","Aug-17-26 08:13:51 PDT","Mounts & Holders","35190","","","New","","","","","","US","","",""
"327234452648",Lot of 2 OEM Nintendo DS Pink 4-Game Cartridge Cases,,335dd7eb-001,"1","FIXED_PRICE","USD",10.49,,,10.49,"0","","","Jun-26-26 19:20:04 PDT","Aug-26-26 19:20:04 PDT","Bags, Skins & Travel Cases","171831","","","Used","","","","","","US","","",""
"327234452649","Squishmallows Stackable Henry Turtle 16"" Plush 2019 Green Kellytoy",,ba4e2ee1-001,"1","FIXED_PRICE","USD",39.99,,,39.99,"0","1","0","Jun-26-26 19:20:04 PDT","Aug-26-26 19:20:04 PDT","Other Stuffed Animals","230","","","Used","","","","","","US","","",""
"327234452652","Russ Berrie Pucks Hockey Teddy Bear Plush 11"" Teddies at Play Tag",,f3459376-001,"1","FIXED_PRICE","USD",14.99,,,14.99,"0","","","Jun-26-26 19:20:04 PDT","Aug-26-26 19:20:04 PDT","Other Russ Stuffed Animals","16516","","","Used","","","","","","US","","",""
"327234452656",Gallerie II Sugar Skull Beaded Wristlet Clutch Purse NWT,,d516a7de-001,"1","FIXED_PRICE","USD",24.99,,,24.99,"0","","","Jun-26-26 19:20:04 PDT","Aug-26-26 19:20:04 PDT","Women's Bags & Handbags","169291","","","New with tags","","","","","","US","","",""
"327234452657",Vintage Castle Films Super 8 Lot Mouse & Lion Stockholm + Soundcraft Untested,,7aae5c9d-001,"1","FIXED_PRICE","USD",34.99,,,34.99,"0","","","Jun-26-26 19:20:04 PDT","Aug-26-26 19:20:04 PDT","Film Stock","63821","","","Acceptable","","","","","","US","","",""
"327234452658",Timber Creek Kids Mummy Sleeping Bag 50F 70 x 28 in,,241b4ccc-001,"1","FIXED_PRICE","USD",24.99,,,24.99,"0","","","Jun-26-26 19:20:04 PDT","Aug-26-26 19:20:04 PDT","Sleeping Bags","87100","","","Pre-owned","","","","","","US","","",""
"327234452662",Oriental Trading Armor of God Shield Christian Lapel Pin New Carded,,428f24d3-001,"1","FIXED_PRICE","USD",12.98,,,12.98,"0","1","0","Jun-26-26 19:20:04 PDT","Aug-26-26 19:20:04 PDT","Brooches & Pins","50677","","","New with tags","","","","","","US","","",""
"327234452663",Mexican Chihuahua Dog Plush Sombrero Rainbow Serape Poncho Stuffed Animal,,6682eebf-001,"1","FIXED_PRICE","USD",30.97,,,30.97,"0","1","0","Jun-26-26 19:20:04 PDT","Aug-26-26 19:20:04 PDT","Other Stuffed Animals","230","","","Used","","","","","","US","","",""
"327234452664",Squishmallows Bryce Dog 12 in Plush S12 #1054 Valentine Hearts W/ Tag,,a8850638-001,"1","FIXED_PRICE","USD",24.99,,,24.99,"0","","","Jun-26-26 19:20:04 PDT","Aug-26-26 19:20:04 PDT","Other Stuffed Animals","230","","","Used","","","","","","US","","",""
"327234452665",Jazwares Sanrio Kuromi 18-Inch Sleeping Plush Purple Sherpa 2024,,0d0cfd7d-001,"1","FIXED_PRICE","USD",29.99,,,29.99,"0","0","0","Jun-26-26 19:20:04 PDT","Aug-26-26 19:20:04 PDT","Other Stuffed Animals","230","","","Used","","","","","","US","","",""
"327234452667",Ampex Model TU-20 NASA STSOC Tape Transport Tester Untested,,9b6abb29-001,"1","FIXED_PRICE","USD",299.99,,,299.99,"0","","","Jun-26-26 19:20:04 PDT","Aug-26-26 19:20:04 PDT","Other Testers & Calibrators","182005","","","For parts or not working","","","","","","US","","",""
"327234452669",SPM Instrument System 43 Shock Pulse Meter 43A Kit Case Manual Untested,,a9c3edc8-001,"1","FIXED_PRICE","USD",149.99,,,149.99,"0","","","Jun-26-26 19:20:04 PDT","Aug-26-26 19:20:04 PDT","Vibration Meters","181990","","","For parts or not working","","","","","","US","","",""
"327234452671",Philco-Ford TS 1067 NASA Property Test Set Power Supply 0-30V Untested,,3af719b3-001,"1","FIXED_PRICE","USD",99.99,,,99.99,"0","","","Jun-26-26 19:20:04 PDT","Aug-26-26 19:20:04 PDT","Adjustable Power Supplies","181993","","","For parts or not working","","","","","","US","","",""
"327234452672",Live Love Music FB-383IF-ASST LED Wireless Bluetooth Speaker Tested,,ad9028c9-001,"1","FIXED_PRICE","USD",14.99,,,14.99,"0","","","Jun-26-26 19:20:04 PDT","Aug-26-26 19:20:04 PDT","Audio Docks & Mini Speakers","111694","","","Used","","","","","","US","","",""
"327234452673",LA Idol USA Jeans Juniors 13 Dark Wash Bootcut Rhinestone Butterfly Pockets,,2a42708e-001,"1","FIXED_PRICE","USD",34.99,,,34.99,"0","4","0","Jun-26-26 19:20:04 PDT","Aug-26-26 19:20:04 PDT","Jeans","11554","","","Pre-owned - Good","","","","","","US","","",""
"327234452674","Vintage Knight Armor Long Handle Shoe Horn 21"" Brown Black",,d86ddce9-001,"1","FIXED_PRICE","USD",34.99,,,34.99,"0","5","0","Jun-26-26 19:20:04 PDT","Aug-26-26 19:20:04 PDT","Shoe Accessories","163627","","","Pre-owned","","","","","","US","","",""
"327234452675",All Living Things Rectangular Tower Bird Toy S/M Birds 10 in,,d73d23c9-001,"1","FIXED_PRICE","USD",9.99,,,9.99,"0","","","Jun-26-26 19:20:04 PDT","Aug-26-26 19:20:04 PDT","Toys","20736","","","New","","","","","","US","","",""
"327234452678",The Heaven & Earth Grocery Store James McBride Hardcover 2023 ISBN 9780593422946,,2af62820-001,"1","FIXED_PRICE","USD",12.84,,,12.84,"0","","","Jun-26-26 19:20:04 PDT","Aug-26-26 19:20:04 PDT","Books","261186","","","Very Good","","","","","","US","","",""
"327234452682",Vintage Art Deco Style Green Gold Foil Resin Oval Brooch Pin,,5615d446-001,"1","FIXED_PRICE","USD",24.99,,,24.99,"0","1","0","Jun-26-26 19:20:04 PDT","Aug-26-26 19:20:04 PDT","Brooches & Pins","262004","","","Pre-owned - Good","","","","","","US","","",""
"327234452683",Tianjin Scientific J0201-1A Digital Smart Photogate Timer Untested,,64b32ad0-001,"1","FIXED_PRICE","USD",24.99,,,24.99,"0","","","Jun-26-26 19:20:04 PDT","Aug-26-26 19:20:04 PDT","Other Medical & Lab Equipment","185256","","","For parts or not working","","","","","","US","","",""
"327234452684",Vintage Copper-Tone Crown Cookie Cutter Royal Tiara 7 in,,e8878891-001,"1","FIXED_PRICE","USD",14.99,,,14.99,"0","1","0","Jun-26-26 19:20:04 PDT","Aug-26-26 19:20:04 PDT","Cookie Cutters","32884","","","Used","","","","","","US","","",""
"327235601689",Classics Illustrated #11 Don Quixote 15c Vintage Comic,,484b81c1-001,"1","FIXED_PRICE","USD",14.99,,,14.99,"0","0","0","Jun-27-26 14:07:20 PDT","Aug-27-26 14:07:20 PDT","Comics & Graphic Novels","259104","","","","","","","","","US","","",""
"327237500971",Milescraft 3406 GrabberPRO Safety Push Block Table Saw Router Open Box,,a3c40c28-001,"1","FIXED_PRICE","USD",29.99,,,29.99,"0","2","0","Jun-28-26 19:08:17 PDT","Aug-28-26 19:08:17 PDT","Saw Accessories","260209","","","Open box","","","","","","US","","",""
"327239122524",Dizzy Gillespie Quintet An Electrifying Evening Verve V-8401 Mono LP,,345f078e-001,"1","FIXED_PRICE","USD",15.34,,,15.34,"0","1","0","Jun-29-26 20:13:24 PDT","Aug-29-26 20:13:24 PDT","Vinyl Records","176985","","","Used","","","","","","US","","",""
"327239122526",Ahmad Jamal Happy Moods Argo LP-662 Mono 1960 Jazz Vinyl LP,,8a11529b-001,"1","FIXED_PRICE","USD",18.5,,,18.5,"0","","","Jun-29-26 20:13:24 PDT","Aug-29-26 20:13:24 PDT","Vinyl Records","176985","","","Used","","","","","","US","","",""
"327239122527",Mongo Santamaria Mongomania LP Columbia CS 9412 1967 Stereo Latin Jazz,,edb4aded-001,"1","FIXED_PRICE","USD",18.63,,,18.63,"0","","","Jun-29-26 20:13:24 PDT","Aug-29-26 20:13:24 PDT","Vinyl Records","176985","","","Used","","","","","","US","","",""
"327239122528",Baja Marimba Band For Animals Only LP A&M SP-4113 Stereo Vinyl,,bb296d04-001,"1","FIXED_PRICE","USD",11.86,,,11.86,"0","","","Jun-29-26 20:13:24 PDT","Aug-29-26 20:13:24 PDT","Vinyl Records","176985","","","Used","","","","","","US","","",""
"327239122532",New Renaissance Society Baroque 'N' Stones LP HBR HST-9504 1966 Stereo,,4fa40daf-001,"1","FIXED_PRICE","USD",15.25,,,15.25,"0","","","Jun-29-26 20:13:25 PDT","Aug-29-26 20:13:25 PDT","Vinyl Records","176985","","","Used","","","","","","US","","",""
"327239122534",Josh Turner Greatest Hits Autographed Ivory Vinyl LP MCA Nashville,,d377a2a7-001,"1","FIXED_PRICE","USD",141.12,,,141.12,"0","","","Jun-29-26 20:13:25 PDT","Aug-29-26 20:13:25 PDT","Country","108720","","","","","","","","","US","","",""
"327239122537",Vintage Ready-File Cassette Tape Storage Box Putty,,33af36d6-001,"1","FIXED_PRICE","USD",14.99,,,14.99,"0","0","0","Jun-29-26 20:13:25 PDT","Aug-29-26 20:13:25 PDT","Slide Trays & Carousels","83876","","","Used","","","","","","US","","",""
"327239122539",Take Me Along Original Cast 1959 RCA Victor LSO-1050 Stereo LP,,b6892aa8-001,"1","FIXED_PRICE","USD",17.97,,,17.97,"0","","","Jun-29-26 20:13:25 PDT","Aug-29-26 20:13:25 PDT","Vinyl Records","176985","","","Used","","","","","","US","","",""
"327239122541","Andy Williams Love, Andy 1967 Columbia CS 9566 Stereo Vinyl LP",,9661cf83-001,"1","FIXED_PRICE","USD",9.63,,,9.63,"0","","","Jun-29-26 20:13:25 PDT","Aug-29-26 20:13:25 PDT","Vinyl Records","176985","","","Used","","","","","","US","","",""
"327239122544",Andy Williams Call Me Irresponsible CL 2171 Mono LP 1964 Columbia,,7bd89cd1-001,"1","FIXED_PRICE","USD",10.97,,,10.97,"0","","","Jun-29-26 20:13:25 PDT","Aug-29-26 20:13:25 PDT","Vinyl Records","176985","","","Used","","","","","","US","","",""
"327239122545",Andy Williams Moon River & Other Great Movie Themes Columbia Stereo LP CS 8609,,ae9853e0-001,"1","FIXED_PRICE","USD",12.32,,,12.32,"0","","","Jun-29-26 20:13:25 PDT","Aug-29-26 20:13:25 PDT","Vinyl Records","176985","","","Used","","","","","","US","","",""
"327239122546",Andy Williams The Wonderful World of Andy Williams LP Columbia CL 2137 Mono,,a3eb7a34-001,"1","FIXED_PRICE","USD",15.57,,,15.57,"0","","","Jun-29-26 20:13:25 PDT","Aug-29-26 20:13:25 PDT","Vinyl Records","176985","","","Used","","","","","","US","","",""
"327239122547",Andy Williams Born Free LP Columbia CS 9480 Stereo 1967 Vinyl,,7fb31de6-001,"1","FIXED_PRICE","USD",12.32,,,12.32,"0","","","Jun-29-26 20:13:25 PDT","Aug-29-26 20:13:25 PDT","Vinyl Records","176985","","","Used","","","","","","US","","",""
"327239122550",Dean Martin Welcome To My World LP Vinyl Record,,dbe09deb-001,"1","FIXED_PRICE","USD",24.99,,,24.99,"0","","","Jun-29-26 20:13:25 PDT","Aug-29-26 20:13:25 PDT","Vinyl Records","176985","","","Used","","","","","","US","","",""
"327239122552",Phil Collins No Jacket Required Vinyl LP Atlantic 81240-1 1985,,affb0155-001,"1","FIXED_PRICE","USD",14.58,,,14.58,"0","","","Jun-29-26 20:13:25 PDT","Aug-29-26 20:13:25 PDT","Vinyl Records","176985","","","Used","","","","","","US","","",""
"327239122555",My Fair Lady Soundtrack Mono LP Columbia KOL 8000 Hepburn Harrison,,72e129c7-001,"1","FIXED_PRICE","USD",13.45,,,13.45,"0","0","0","Jun-29-26 20:13:25 PDT","Aug-29-26 20:13:25 PDT","Vinyl Records","176985","","","Used","","","","","","US","","",""
"327239122556",SMC Pro-Arte La Hora De La Comedia Gilito / El Mancebo SMC-1032 LP Spanish,,ae3248f6-001,"1","FIXED_PRICE","USD",18.08,,,18.08,"0","","","Jun-29-26 20:13:25 PDT","Aug-29-26 20:13:25 PDT","Vinyl Records","176985","","","Used","","","","","","US","","",""
"327239122557",Jessica Soundtrack LP UAL 4096 Mono 1962 Maurice Chevalier Angie Dickinson,,39abb31b-001,"1","FIXED_PRICE","USD",18.62,,,18.62,"0","","","Jun-29-26 20:13:25 PDT","Aug-29-26 20:13:25 PDT","Vinyl Records","176985","","","Used","","","","","","US","","",""
"327239122558",Robert Palmer Pride LP 1983 Island 90065-1 Vinyl Record,,a17cb7f6-001,"1","FIXED_PRICE","USD",10.5,,,10.5,"0","0","0","Jun-29-26 20:13:25 PDT","Aug-29-26 20:13:25 PDT","Vinyl Records","176985","","","Used","","","","","","US","","",""
"327239122560",The Great Gatsby Soundtrack 2xLP 1974 Paramount PAS-2-3001 Vinyl,,41e4e450-001,"1","FIXED_PRICE","USD",19.13,,,19.13,"0","2","0","Jun-29-26 20:13:25 PDT","Aug-29-26 20:13:25 PDT","Vinyl Records","176985","","","Used","","","","","","US","","",""
"327239122561",Remember The Golden Days Of Radio Vol 2 Jack Benny LP SY 5184,,aa9c6a55-001,"1","FIXED_PRICE","USD",11.42,,,11.42,"0","","","Jun-29-26 20:13:25 PDT","Aug-29-26 20:13:25 PDT","Vinyl Records","176985","","","Used","","","","","","US","","",""
"327239122562",Elmer Bernstein Walk On The Wild Side Soundtrack LP Choreo AS-4 ST Stereo,,80dc540d-001,"1","FIXED_PRICE","USD",9.62,,,9.62,"0","0","0","Jun-29-26 20:13:25 PDT","Aug-29-26 20:13:25 PDT","Vinyl Records","176985","","","Used","","","","","","US","","",""
"327239122563",Living Strings Living Voices What The World Needs Now Is Love LP,,c3147d21-001,"1","FIXED_PRICE","USD",14.12,,,14.12,"0","","","Jun-29-26 20:13:25 PDT","Aug-29-26 20:13:25 PDT","Vinyl Records","176985","","","Used","","","","","","US","","",""
"327239122564",Don McLean Chain Lightning LP 1978 Millennium BXL1-7756 As Is,,7bf8b163-001,"1","FIXED_PRICE","USD",10.52,,,10.52,"0","","","Jun-29-26 20:13:25 PDT","Aug-29-26 20:13:25 PDT","Vinyl Records","176985","","","Used","","","","","","US","","",""
"327239122565",Kenny Loggins Keep The Fire LP Vinyl 1979 Columbia JC 36172,,637ec348-001,"1","FIXED_PRICE","USD",10.95,,,10.95,"0","2","0","Jun-29-26 20:13:25 PDT","Aug-29-26 20:13:25 PDT","Vinyl Records","176985","","","Used","","","","","","US","","",""
"327239122566",Kiril Kondrashin Capriccio Italien/Espagnol Quintessence PMC-7063 LP 1978,,c0ef45d7-001,"1","FIXED_PRICE","USD",15.92,,,15.92,"0","","","Jun-29-26 20:13:25 PDT","Aug-29-26 20:13:25 PDT","Vinyl Records","176985","","","Used","","","","","","US","","",""
"327239122567",Ronnie Milsap Keyed Up LP Vinyl 1983 RCA Victor AHL1-4670 Country,,52be503d-001,"1","FIXED_PRICE","USD",10.42,,,10.42,"0","1","0","Jun-29-26 20:13:25 PDT","Aug-29-26 20:13:25 PDT","Vinyl Records","176985","","","Used","","","","","","US","","",""
"327239122568",British Tournament and Tattoo 1969 London SW 99507 Stereo LP Vinyl,,d1dcbdf5-001,"1","FIXED_PRICE","USD",20.42,,,20.42,"0","","","Jun-29-26 20:13:25 PDT","Aug-29-26 20:13:25 PDT","Vinyl Records","176985","","","Used","","","","","","US","","",""
"327239122570",Ronnie Milsap It Was Almost Like a Song LP RCA APL1-2439 1977 Vinyl,,e3d38130-001,"1","FIXED_PRICE","USD",13.86,,,13.86,"0","","","Jun-29-26 20:13:25 PDT","Aug-29-26 20:13:25 PDT","Vinyl Records","176985","","","Used","","","","","","US","","",""
"327239122571",Puff the Magic Dragon & Other Songs Golden Records LP 149 Vinyl Record,,bb9a84e5-001,"1","FIXED_PRICE","USD",15.26,,,15.26,"0","","","Jun-29-26 20:13:25 PDT","Aug-29-26 20:13:25 PDT","Vinyl Records","176985","","","Used","","","","","","US","","",""
"327239122572",Neil Diamond Beautiful Noise LP 1976 Columbia PC 33965 Vinyl Record,,64609ba2-001,"1","FIXED_PRICE","USD",9.74,,,9.74,"0","","","Jun-29-26 20:13:25 PDT","Aug-29-26 20:13:25 PDT","Vinyl Records","176985","","","Used","","","","","","US","","",""
"327239122573",Walt Disney's Bambi Story and Songs LP Book Disneyland 3903 1969,,e59b3840-001,"1","FIXED_PRICE","USD",18.49,,,18.49,"0","3","0","Jun-29-26 20:13:25 PDT","Aug-29-26 20:13:25 PDT","Vinyl Records","176985","","","Used","","","","","","US","","",""
"327239122577",George Benson The Other Side of Abbey Road LP A&M SP-3028 CTI 1970,,9fdf9074-001,"1","FIXED_PRICE","USD",16.16,,,16.16,"0","","","Jun-29-26 20:13:25 PDT","Aug-29-26 20:13:25 PDT","Vinyl Records","176985","","","Used","","","","","","US","","",""
"327239122578",Herb Ellis Charlie Byrd Guitar/Guitar Columbia CS 9130 1965 Stereo LP,,f6341428-001,"1","FIXED_PRICE","USD",19.99,,,19.99,"0","","","Jun-29-26 20:13:25 PDT","Aug-29-26 20:13:25 PDT","Vinyl Records","176985","","","Used","","","","","","US","","",""
"327239122580",Jethro Tull This Was LP Reprise RS 6336 W7 Stereo Gatefold Vinyl,,552576a4-001,"1","FIXED_PRICE","USD",19.99,,,19.99,"0","","","Jun-29-26 20:13:26 PDT","Aug-29-26 20:13:26 PDT","Vinyl Records","176985","","","Used","","","","","","US","","",""
"327239122581",Lambert Hendricks & Ross Sing A Song Of Basie ABC-223 1958 Mono Jazz LP,,fa779b31-001,"1","FIXED_PRICE","USD",11.88,,,11.88,"0","","","Jun-29-26 20:13:26 PDT","Aug-29-26 20:13:26 PDT","Vinyl Records","176985","","","Used","","","","","","US","","",""
"327239122582",The Blazers More College Drinking Songs Mono LP ABC-Paramount ABC-219 1958,,71e79f53-001,"1","FIXED_PRICE","USD",12.19,,,12.19,"0","","","Jun-29-26 20:13:26 PDT","Aug-29-26 20:13:26 PDT","Vinyl Records","176985","","","Used","","","","","","US","","",""
"327239122584",Hank Williams First Last & Always LP MGM E3928 w/ E3605 Disc,,0e00e97a-001,"1","FIXED_PRICE","USD",12.32,,,12.32,"0","0","0","Jun-29-26 20:13:26 PDT","Aug-29-26 20:13:26 PDT","Vinyl Records","176985","","","Used","","","","","","US","","",""
"327239122585",Ronnie Milsap Pure Love LP Vinyl RCA Victor APL1-0500 1974 Stereo,,7e8810c2-001,"1","FIXED_PRICE","USD",9.16,,,9.16,"0","","","Jun-29-26 20:13:26 PDT","Aug-29-26 20:13:26 PDT","Vinyl Records","176985","","","Used","","","","","","US","","",""
"327239122587",Commodores Natural High LP Vinyl 1978 Motown M7-902R1,,837a286f-001,"1","FIXED_PRICE","USD",11.42,,,11.42,"0","","","Jun-29-26 20:13:26 PDT","Aug-29-26 20:13:26 PDT","Vinyl Records","176985","","","Used","","","","","","US","","",""
"327239122588",Tanya Tucker Greatest Hits LP Vinyl Record Columbia KC 33355,,fa34fdb4-001,"1","FIXED_PRICE","USD",14.58,,,14.58,"0","","","Jun-29-26 20:13:26 PDT","Aug-29-26 20:13:26 PDT","Vinyl Records","176985","","","Used","","","","","","US","","",""
"327239122592",George Jones & His Country Cousins Salute Grand Ole Opry UAS 6309 Stereo LP,,f5ed2d76-001,"1","FIXED_PRICE","USD",29.99,,,29.99,"0","","","Jun-29-26 20:13:26 PDT","Aug-29-26 20:13:26 PDT","Vinyl Records","176985","","","Used","","","","","","US","","",""
"327239122593",A GI's Germany In Sound & Music Vol 1 LP 900 1962 Gatefold w/ Inserts,,76371129-001,"1","FIXED_PRICE","USD",34.99,,,34.99,"0","","","Jun-29-26 20:13:26 PDT","Aug-29-26 20:13:26 PDT","Vinyl Records","176985","","","Used","","","","","","US","","",""
"327239122594",West Side Story Original Soundtrack LP Columbia OS 2070 Stereo Gatefold 1961,,4dcf35a8-001,"1","FIXED_PRICE","USD",17.31,,,17.31,"0","","","Jun-29-26 20:13:26 PDT","Aug-29-26 20:13:26 PDT","Vinyl Records","176985","","","Used","","","","","","US","","",""
"327239122595",Hank Williams as Luke The Drifter MGM E3267 Mono LP Vinyl Record,,9fdf964c-001,"1","FIXED_PRICE","USD",29.99,,,29.99,"0","1","0","Jun-29-26 20:13:26 PDT","Aug-29-26 20:13:26 PDT","Vinyl Records","176985","","","Used","","","","","","US","","",""
"327240399144",The Very Best of Mel Tillis and the Statesiders,,ad89d2ba-001,"1","FIXED_PRICE","USD",17.02,,,17.02,"0","","","Jun-30-26 14:27:05 PDT","Aug-30-26 14:27:05 PDT","Vinyl Records","176985","","","Used","","","","","","US","","",""
"327240437550",Herb Alpert & Tijuana Brass The Lonely Bull LP A&M ST 101 Stereo,,d87f96f8-001,"1","FIXED_PRICE","USD",13.23,,,13.23,"0","","","Jun-30-26 15:08:18 PDT","Aug-30-26 15:08:18 PDT","Vinyl Records","176985","","","Used","","","","","","US","","",""
"327240437551",The First National Kidisc LaserDisc CAV 1981 OPA 64-619 w/ Insert,,6b93a554-001,"1","FIXED_PRICE","USD",19.99,,,19.99,"0","","","Jun-30-26 15:08:18 PDT","Aug-30-26 15:08:18 PDT","Laserdiscs","381","","","Good","","","","","","US","","",""
"327240437552",Herb Alpert & Tijuana Brass Going Places LP A&M SP-4112 Stereo,,40f2b720-001,"1","FIXED_PRICE","USD",11.98,,,11.98,"0","","","Jun-30-26 15:08:18 PDT","Aug-30-26 15:08:18 PDT","Vinyl Records","176985","","","Used","","","","","","US","","",""
"327240437553",The Supremes Where Did Our Love Go 1964 Motown MS 621 Stereo LP Vinyl,,759a3433-001,"1","FIXED_PRICE","USD",15.07,,,15.07,"0","2","0","Jun-30-26 15:08:18 PDT","Aug-30-26 15:08:18 PDT","Vinyl Records","176985","","","Used","","","","","","US","","",""
"327240437554",Richard Boyell Music Minus Me Purex Promo LP Vinyl U-19644,,c2d25bb4-001,"1","FIXED_PRICE","USD",12.32,,,12.32,"0","","","Jun-30-26 15:08:18 PDT","Aug-30-26 15:08:18 PDT","Vinyl Records","176985","","","Used","","","","","","US","","",""
"327240437555",Barbra Streisand People LP Columbia CS 9015 Stereo 2-Eye Vinyl,,408ecdcc-001,"1","FIXED_PRICE","USD",14.14,,,14.14,"0","","","Jun-30-26 15:08:18 PDT","Aug-30-26 15:08:18 PDT","Vinyl Records","176985","","","Used","","","","","","US","","",""
"327240437557",Nitzinger Self-Titled Vinyl LP 1972 Capitol SMAS-11091 Textured Gatefold,,97b3eeac-001,"1","FIXED_PRICE","USD",19.99,,,19.99,"0","","","Jun-30-26 15:08:18 PDT","Aug-30-26 15:08:18 PDT","Vinyl Records","176985","","","Used","","","","","","US","","",""
"327240437558",Bob Newhart The Button-Down Mind LP Vinyl 1960 Mono Warner Bros W 1379,,9d3a804f-001,"1","FIXED_PRICE","USD",12.44,,,12.44,"0","","","Jun-30-26 15:08:18 PDT","Aug-30-26 15:08:18 PDT","Vinyl Records","176985","","","Used","","","","","","US","","",""
"327240437559",Judy Garland Liza Minnelli Live London Palladium 2LP SWBO 2295,,1a7ea9dd-001,"1","FIXED_PRICE","USD",17.11,,,17.11,"0","1","0","Jun-30-26 15:08:18 PDT","Aug-30-26 15:08:18 PDT","Vinyl Records","176985","","","Used","","","","","","US","","",""
"327240437560",Neil Diamond You Don't Bring Me Flowers 1978 Columbia FC 35625 LP Vinyl,,445bd03c-001,"1","FIXED_PRICE","USD",13.22,,,13.22,"0","","","Jun-30-26 15:08:18 PDT","Aug-30-26 15:08:18 PDT","Vinyl Records","176985","","","Used","","","","","","US","","",""
"327240437565",Neil Diamond Double Gold 2xLP Vinyl Bang BDS2-227 Gatefold,,a0759780-001,"1","FIXED_PRICE","USD",14.85,,,14.85,"0","0","0","Jun-30-26 15:08:18 PDT","Aug-30-26 15:08:18 PDT","Vinyl Records","176985","","","Used","","","","","","US","","",""
"327240437567",Sarah Vaughan The Great Sarah Vaughan LP Harmony HL 7158 Mono Vinyl,,74085b85-001,"1","FIXED_PRICE","USD",14.12,,,14.12,"0","","","Jun-30-26 15:08:18 PDT","Aug-30-26 15:08:18 PDT","Vinyl Records","176985","","","Used","","","","","","US","","",""
"327240437569",Sly & The Family Stone Stand! LP Jacket Signed No COA. No record.,,58593b67-001,"1","FIXED_PRICE","USD",29.99,,,29.99,"0","1","0","Jun-30-26 15:08:18 PDT","Aug-30-26 15:08:18 PDT","Records","104411","","","","","","","","","US","","",""
"327240437570",Barbra Streisand The Barbra Streisand Album 1963 Stereo LP CS 8807,,188ca978-001,"1","FIXED_PRICE","USD",14.23,,,14.23,"0","","","Jun-30-26 15:08:18 PDT","Aug-30-26 15:08:18 PDT","Vinyl Records","176985","","","Used","","","","","","US","","",""
"327240437571",Herb Alpert's Tijuana Brass South of the Border LP A&M SP-108 Stereo,,ecce79d7-001,"1","FIXED_PRICE","USD",11.5,,,11.5,"0","","","Jun-30-26 15:08:18 PDT","Aug-30-26 15:08:18 PDT","Vinyl Records","176985","","","Used","","","","","","US","","",""
"327240437572",Barbra Streisand The Third Album Vinyl LP Columbia CS 8954 1964 Stereo,,840bd02d-001,"1","FIXED_PRICE","USD",15.3,,,15.3,"0","","","Jun-30-26 15:08:18 PDT","Aug-30-26 15:08:18 PDT","Vinyl Records","176985","","","Used","","","","","","US","","",""
"327240437575","Herbie Mann Brazil, Bossa Nova & Blues LP 1962 UAJ 14009 Mono",,f32066b7-001,"1","FIXED_PRICE","USD",14.99,,,14.99,"0","","","Jun-30-26 15:08:18 PDT","Aug-30-26 15:08:18 PDT","Vinyl Records","176985","","","Used","","","","","","US","","",""
"327240437576",Thelonious Monk Misterioso Recorded On Tour Columbia CS 9216 Stereo LP,,2b3fb082-001,"1","FIXED_PRICE","USD",14.99,,,14.99,"0","3","0","Jun-30-26 15:08:18 PDT","Aug-30-26 15:08:18 PDT","Vinyl Records","176985","","","Used","","","","","","US","","",""
"327240437577",Louis Prima Keely Smith The Wildest Show at Tahoe LP Capitol T-908 Mono 1957,,1e14ca46-001,"1","FIXED_PRICE","USD",29.99,,,29.99,"0","","","Jun-30-26 15:08:18 PDT","Aug-30-26 15:08:18 PDT","Vinyl Records","176985","","","Used","","","","","","US","","",""
"327240437578",Doctor Dolittle Soundtrack LP 1967 DTCS 5101 Rex Harrison Booklet,,e5b85199-001,"1","FIXED_PRICE","USD",14.11,,,14.11,"0","","","Jun-30-26 15:08:18 PDT","Aug-30-26 15:08:18 PDT","Vinyl Records","176985","","","Used","","","","","","US","","",""
"327240437581",Eddie Bert Like Cool Somerset P-5200 1958 Mono Jazz LP Record,,35e06603-001,"1","FIXED_PRICE","USD",12.32,,,12.32,"0","","","Jun-30-26 15:08:18 PDT","Aug-30-26 15:08:18 PDT","Vinyl Records","176985","","","Used","","","","","","US","","",""
"327240437586",Ahmad Jamal Portfolio Argo LP 2638 Mono 2xLP Limited Edition Jazz,,c3943725-001,"1","FIXED_PRICE","USD",74.99,,,74.99,"0","1","0","Jun-30-26 15:08:18 PDT","Aug-30-26 15:08:18 PDT","Vinyl Records","176985","","","Used","","","","","","US","","",""
"327240437587",Johnny Rivers Realization 1968 Imperial LP-12372 Stereo Gatefold Vinyl LP,,cba5f693-001,"1","FIXED_PRICE","USD",10.08,,,10.08,"0","1","0","Jun-30-26 15:08:18 PDT","Aug-30-26 15:08:18 PDT","Vinyl Records","176985","","","Used","","","","","","US","","",""
"327240437588",Neil Diamond Velvet Gloves And Spit LP Vinyl UNI 73030-N 1970 Reissue,,db4915ff-001,"1","FIXED_PRICE","USD",18.59,,,18.59,"0","","","Jun-30-26 15:08:18 PDT","Aug-30-26 15:08:18 PDT","Vinyl Records","176985","","","Used","","","","","","US","","",""
"327240437589",Sammy Davis Jr What Kind of Fool Am I & Other Show-Stoppers LP R9-6051 Stereo,,7fbbb351-001,"1","FIXED_PRICE","USD",15.92,,,15.92,"0","","","Jun-30-26 15:08:18 PDT","Aug-30-26 15:08:18 PDT","Vinyl Records","176985","","","Used","","","","","","US","","",""
"327240437592",Mahalia Jackson The Power And The Glory Columbia CS 8264 Stereo LP,,a971c20b-001,"1","FIXED_PRICE","USD",10.53,,,10.53,"0","0","0","Jun-30-26 15:08:19 PDT","Aug-30-26 15:08:19 PDT","Vinyl Records","176985","","","Used","","","","","","US","","",""
"327240437614",Les McCann Ltd. Beaux J. Pooboo LP Limelight LS 86031 Stereo 1965,,3599e5b0-001,"1","FIXED_PRICE","USD",9.58,,,9.58,"0","","","Jun-30-26 15:08:20 PDT","Aug-30-26 15:08:20 PDT","Vinyl Records","176985","","","Used","","","","","","US","","",""
"327240950790","Favorite Railroad Songs Little Golden Records EP543 7"" 45 RPM 1958",,cc943ef7-001,"1","FIXED_PRICE","USD",17.59,,,17.59,"0","","","Jun-30-26 21:53:51 PDT","Aug-30-26 21:53:51 PDT","Vinyl Records","176985","","","Used","","","","","","US","","",""
"327242264381",Blue tooth controlles for Switch or PC XB-324,,,"1","FIXED_PRICE","USD",14.99,,,14.99,"0","","","Jul-01-26 14:48:38 PDT","Sep-01-26 14:48:38 PDT","Controllers & Attachments","117042","","","Used","","","","","","US","","",""
"327242435538",Gitano Vintage Womens Black Gold Dial Watch New Battery Working,,,"1","FIXED_PRICE","USD",18.6,,,18.6,"0","1","0","Jul-01-26 17:06:09 PDT","Sep-01-26 17:06:09 PDT","Wristwatches","31387","","","Pre-owned - Good","","","","","","US","","",""
"327242435541",VTG 80s Ricki's Chorus Line Wool Zip Jacket Color Block Medium,,,"1","FIXED_PRICE","USD",13.19,,,13.19,"0","","","Jul-01-26 17:06:09 PDT","Sep-01-26 17:06:09 PDT","Coats, Jackets & Vests","63862","","","Pre-owned - Fair","","","","","","US","","",""
"327242435542",Imaginext DC Super Friends Batman Black Yellow Figure With Cape,,,"1","FIXED_PRICE","USD",11.84,,,11.84,"0","1","0","Jul-01-26 17:06:09 PDT","Sep-01-26 17:06:09 PDT","Imaginext","50305","","","Used","","","","","","US","Does not apply","",""
"327242435543",Belkin N150 WiFi Wireless USB Network Adapter Model V1,,,"1","FIXED_PRICE","USD",10.5,,,10.5,"0","","","Jul-01-26 17:06:09 PDT","Sep-01-26 17:06:09 PDT","USB Wi-Fi Adapters/Dongles","45002","","","Used","","","","","","US","Does not apply","",""
"327242435544",Casa dell Eleganza Wine Glasses Set of 4 14.07 Oz Rome Collection NWT,,,"1","FIXED_PRICE","USD",34.99,,,34.99,"0","1","0","Jul-01-26 17:06:09 PDT","Sep-01-26 17:06:09 PDT","Glassware & Drinkware","20696","","","New","","","","","","US","","",""
"327242435545",Roy Rogers Playing Cards,,0a597909-001,"1","FIXED_PRICE","USD",12.99,,,12.99,"0","","","Jul-01-26 17:06:09 PDT","Sep-01-26 17:06:09 PDT","Playing Cards","166571","","","Used","","","","","","US","","",""
"327242435549",MUSIC BY GERSHWIN University Society 1975 VTG HC Book & Rhapsody in Blue Record,,,"1","FIXED_PRICE","USD",39.48,,,39.48,"0","","","Jul-01-26 17:06:09 PDT","Sep-01-26 17:06:09 PDT","Vintage & Antique","182152","","","Brand New","","","","","","US","","",""
"327242435550",Womens Quartz Stretch Band Watch New Battery Working,,,"1","FIXED_PRICE","USD",16.8,,,16.8,"0","1","0","Jul-01-26 17:06:09 PDT","Sep-01-26 17:06:09 PDT","Wristwatches","31387","","","Pre-owned - Good","","","","","","US","","",""
"327242435551","Vintage Avon for Men ""STRAIGHT EIGHT"" Island Lime After Shave Empty 5 oz",,,"1","FIXED_PRICE","USD",14.53,,,14.53,"0","1","0","Jul-01-26 17:06:09 PDT","Sep-01-26 17:06:09 PDT","Aftershave","47920","","","New","","","","","","US","Does Not Apply","",""
"327242435552",Vintage Nautical Theme Brass Decanter Glass Lined Marked SWEDEN,,,"1","FIXED_PRICE","USD",34.99,,,34.99,"0","","","Jul-01-26 17:06:09 PDT","Sep-01-26 17:06:09 PDT","Decanters","261653","","","Used","","","","","","US","","",""
"327242435554",New York Yankees 2001 AL League Championship Series Mariners Pin MLB Baseball E3,,,"1","FIXED_PRICE","USD",19.99,,,19.99,"0","","","Jul-01-26 17:06:09 PDT","Sep-01-26 17:06:09 PDT","Sports","149391","","","Used","","","","","","US","","",""
"327242435555",Geneva Platinum Silver Tone Rectangle Cuff Watch New Battery Working,,,"1","FIXED_PRICE","USD",24.99,,,24.99,"0","","","Jul-01-26 17:06:09 PDT","Sep-01-26 17:06:09 PDT","Wristwatches","31387","","","Pre-owned - Good","","","","","","US","na","",""
"327242435556",AC/DC Adapter For Model AY030A-BF122-US Fit Insignia Dynex 19 LED TV Power Cord,,,"1","FIXED_PRICE","USD",14.42,,,14.42,"0","","","Jul-01-26 17:06:09 PDT","Sep-01-26 17:06:09 PDT","Multipurpose AC to DC Adapters","88758","","","Used","","","","","","US","","",""
"327242435561",Vintage Cambridge Mens Gold Tone Quartz Watch New Battery Working,,,"1","FIXED_PRICE","USD",18.59,,,18.59,"0","","","Jul-01-26 17:06:09 PDT","Sep-01-26 17:06:09 PDT","Wristwatches","31387","","","Pre-owned - Fair","","","","","","US","","",""
"327242435563",Rumours Silver Tone Round Quartz Watch Link Bracelet New Battery Working,,,"1","FIXED_PRICE","USD",20.39,,,20.39,"0","","","Jul-01-26 17:06:09 PDT","Sep-01-26 17:06:09 PDT","Wristwatches","31387","","","Pre-owned - Good","","","","","","US","","",""
"327242622654",RARE Fitz & Floyd St. Nicholas 7 in Octagonal Vegetable Bowl Japan Box BEAUTIFUL,,1a0a8ce4-001,"1","FIXED_PRICE","USD",299.99,,,299.99,"0","1","0","Jul-01-26 19:39:34 PDT","Sep-01-26 19:39:34 PDT","Bowls","262366","","","Used","","","","","","US","","",""
"327245885668","Vintage 1987 Dakin Snow Pig Plush w/ Sled Purple Outfit 8""",,a334b3b4-001,"1","FIXED_PRICE","USD",24.99,,,24.99,"0","","","Jul-03-26 20:49:07 PDT","Aug-03-26 20:49:07 PDT","Dakin","63654","","","Used","","","","","","US","","",""
"327245885669",Classics Illustrated Special Issue #156A The Atomic Age June 1960,,e3108a52-001,"1","FIXED_PRICE","USD",10.49,,,10.49,"0","","","Jul-03-26 20:49:07 PDT","Aug-03-26 20:49:07 PDT","Comics & Graphic Novels","259104","","","Acceptable","","","","","","US","","",""
"327245885670","1997 Looney Tunes Porky Pig Plush Biker Faux Leather Jacket 14"" WB",,4a5a7dd8-001,"1","FIXED_PRICE","USD",19.99,,,19.99,"0","","","Jul-03-26 20:49:07 PDT","Aug-03-26 20:49:07 PDT","Warner Bros.","781","","","Used","","","","","","US","","",""
"327245885672",Levtex Baby Leo Llama Plush Toy With Security Blanket Boho Collection,,ca642426-001,"1","FIXED_PRICE","USD",39.99,,,39.99,"0","","","Jul-03-26 20:49:07 PDT","Aug-03-26 20:49:07 PDT","Other Stuffed Animals","230","","","Used","","","","","","US","","",""
"327245885673","Vintage 1987 Commonwealth Mouse Rat Cigar Plush Stuffed Animal 9""",,9bb14333-001,"1","FIXED_PRICE","USD",19.99,,,19.99,"0","2","0","Jul-03-26 20:49:07 PDT","Aug-03-26 20:49:07 PDT","Vintage","165956","","","Used","","","","","","US","","",""
"327245885677","Sanrio Hello Kitty 10"" Plush Blue Overalls Yellow Shirt 2024",,82a644f2-001,"1","FIXED_PRICE","USD",15.86,,,15.86,"0","2","0","Jul-03-26 20:49:07 PDT","Aug-03-26 20:49:07 PDT","Other Stuffed Animals","230","","","Used","","","","","","US","","",""
"327245885682",Disney Minnie Mouse Pink Polka Dot Fabric Shower Curtain 70 x 72,,598c6725-001,"1","FIXED_PRICE","USD",36.33,,,36.33,"0","","","Jul-03-26 20:49:07 PDT","Aug-03-26 20:49:07 PDT","Shower Curtains","20441","","","Used","","","","","","US","","",""
"327245885683",Classics Illustrated Special #129B The Story of Jesus 35¢ 3 Camels,,fee8d29d-001,"1","FIXED_PRICE","USD",24.99,,,24.99,"0","","","Jul-03-26 20:49:07 PDT","Aug-03-26 20:49:07 PDT","Comics & Graphic Novels","259104","","","Acceptable","","","","","","US","","",""
"327245885685",2000 McDonald's Sanrio Dear Daniel Stamp Mobile Red Car Happy Meal Toy,,86b2db74-001,"1","FIXED_PRICE","USD",7.99,,,7.99,"0","","","Jul-03-26 20:49:07 PDT","Aug-03-26 20:49:07 PDT","Fast Food","767","","","Used","","","","","","US","","",""
"327245885686","Wild Republic Blue Morpho Butterfly Plush Finger Puppet 7"" K&M",,47e72542-001,"1","FIXED_PRICE","USD",19.49,,,19.49,"0","","","Jul-03-26 20:49:07 PDT","Aug-03-26 20:49:07 PDT","Other Stuffed Animals","230","","","Used","","","","","","US","","",""
"327245885688","Hello Kitty & Friends Cinnamoroll 18"" Sleeping Plush w/ Teddy Bear",,243601ca-001,"1","FIXED_PRICE","USD",24.99,,,24.99,"0","","","Jul-03-26 20:49:07 PDT","Aug-03-26 20:49:07 PDT","Other Stuffed Animals","230","","","Used","","","","","","US","","",""
"327245885690",Classics Illustrated Special Issue #138A Adventures in Science 1957,,278e8dbe-001,"1","FIXED_PRICE","USD",11.67,,,11.67,"0","","","Jul-03-26 20:49:07 PDT","Aug-03-26 20:49:07 PDT","Comics & Graphic Novels","259104","","","Good","","","","","","US","","",""
"327245885691",Walt Disney Pinocchio Story & Songs LP Book Disneyland 3905 1969,,2365d75f-001,"1","FIXED_PRICE","USD",14.13,,,14.13,"0","2","0","Jul-03-26 20:49:07 PDT","Aug-03-26 20:49:07 PDT","Vinyl Records","176985","","","Used","","","","","","US","","",""
"327245885692",Passport Plush Toys Gray White Shaggy Dog Stuffed Animal,,3870a470-001,"1","FIXED_PRICE","USD",19.99,,,19.99,"0","","","Jul-03-26 20:49:07 PDT","Aug-03-26 20:49:07 PDT","Other Stuffed Animals","230","","","Used","","","","","","US","","",""
"327245885693","Ty Beanie Babies Cinders Black Bear Plush 2000 w/ Tags 5""",,cf8742b2-001,"1","FIXED_PRICE","USD",11.4,,,11.4,"0","1","0","Jul-03-26 20:49:07 PDT","Aug-03-26 20:49:07 PDT","Retired","440","","","Used","","","","","","US","","",""
"327245885694",The World Around Us #7 Pirates 1959 Gilberton Classics Illustrated Comic,,ad2a33ae-001,"1","FIXED_PRICE","USD",15.0,,,15.0,"0","","","Jul-03-26 20:49:07 PDT","Aug-03-26 20:49:07 PDT","Comics & Graphic Novels","259104","","","Good","","","","","","US","","",""
"327245885696","Mark Roberts Kiss Me Frog Prince Plush Doll 21"" Crown Cape Collectible",,61da7a44-001,"1","FIXED_PRICE","USD",49.99,,,49.99,"0","2","0","Jul-03-26 20:49:07 PDT","Aug-03-26 20:49:07 PDT","Other Stuffed Animals","230","","","Used","","","","","","US","","",""
"327245885698",A Taste of Texas Cookbook Jane Trahey 1949 Random House Hardcover DJ,,10148a4e-001,"1","FIXED_PRICE","USD",14.99,,,14.99,"0","3","0","Jul-03-26 20:49:07 PDT","Aug-03-26 20:49:07 PDT","Books","261186","","","Good","","","","","","US","","",""
"327245885700","1987 Applause Santa Paws Red Dog Plush Christmas 12"" Mary Kelly",,e1e039b7-001,"1","FIXED_PRICE","USD",15.9,,,15.9,"0","","","Jul-03-26 20:49:07 PDT","Aug-03-26 20:49:07 PDT","Applause","2596","","","Used","","","","","","US","","",""
"327245885701","Vintage 1992 Food Groupie Milk Carton Plush Toy With Tag 10"" Stuffed",,c6f91079-001,"1","FIXED_PRICE","USD",34.99,,,34.99,"0","1","0","Jul-03-26 20:49:07 PDT","Aug-03-26 20:49:07 PDT","Vintage","165956","","","Used","","","","","","US","","",""
"327245885702",Vintage Fisher-Price #432-532 Donald Duck Drum Major Pull Toy 1948-50,,08b2fa2b-001,"1","FIXED_PRICE","USD",34.99,,,34.99,"0","","","Jul-03-26 20:49:07 PDT","Aug-03-26 20:49:07 PDT","Pull Toys","728","","","Used","","","","","","US","","",""
"327245885703","Bass Pro Shops Baby Sleeping Deer Fawn Plush Camo Lovey 15"" 2022",,3c3d1cd8-001,"1","FIXED_PRICE","USD",14.55,,,14.55,"0","","","Jul-03-26 20:49:07 PDT","Aug-03-26 20:49:07 PDT","Other Stuffed Animals","230","","","Used","","","","","","US","","",""
"327245885704","Vintage Toy Box Creations Moy Mushroom Veggie Friends Plush 6""",,770aa449-001,"1","FIXED_PRICE","USD",18.6,,,18.6,"0","","","Jul-03-26 20:49:07 PDT","Aug-03-26 20:49:07 PDT","Other Stuffed Animals","230","","","Used","","","","","","US","","",""
"327245885705",Classics Illustrated #143 Kim HRN 167 August 1965 15c Comic,,39cff42a-001,"1","FIXED_PRICE","USD",13.79,,,13.79,"0","","","Jul-03-26 20:49:07 PDT","Aug-03-26 20:49:07 PDT","Comics & Graphic Novels","259104","","","Good","","","","","","US","","",""
"327245885706","Vintage Hasbro Preschool Sesame Street Big Bird Plush Blue Shirt 10""",,a0fa7f3b-001,"1","FIXED_PRICE","USD",14.99,,,14.99,"0","3","0","Jul-03-26 20:49:07 PDT","Aug-03-26 20:49:07 PDT","Other Stuffed Animals","230","","","Used","","","","","","US","","",""
"327245885707",Canon AD-4 II AC Adapter 120V 4.5V 600mA With Original Box,,1bb581cb-001,"1","FIXED_PRICE","USD",14.99,,,14.99,"0","","","Jul-03-26 20:49:07 PDT","Aug-03-26 20:49:07 PDT","Multipurpose AC to DC Adapters","88758","","","Used","","","","","","US","","",""
"327245885709","Gotz Pottery Barn Kids White Plush Horse Pony Stuffed Animal 13""",,950b81f8-001,"1","FIXED_PRICE","USD",34.99,,,34.99,"0","5","0","Jul-03-26 20:49:07 PDT","Aug-03-26 20:49:07 PDT","Other Stuffed Animals","230","","","Used","","","","","","US","","",""
"327245885714",Black Faux Leather Storage Box with Lid & Handle White Stitching,,16fe63fb-001,"1","FIXED_PRICE","USD",19.99,,,19.99,"0","1","0","Jul-03-26 20:49:07 PDT","Aug-03-26 20:49:07 PDT","Storage Boxes","159897","","","Used","","","","","","US","","",""
"327245885720",Dallas Cowboys Super Bowl 50 On The Fifty Commemorative Envelope 2016,,e417f670-001,"1","FIXED_PRICE","USD",9.99,,,9.99,"0","","","Jul-03-26 20:49:07 PDT","Aug-03-26 20:49:07 PDT","Football-NFL","206","","","Used","","","","","","US","","",""
"327245885722",Fisher-Price Favorite Animal Songs + Hank The Kitty Cheater Audio CDs,,80e4f693-001,"1","FIXED_PRICE","USD",9.99,,,9.99,"0","","","Jul-03-26 20:49:07 PDT","Aug-03-26 20:49:07 PDT","Audiobooks","29792","","","Good","","","","","","US","","",""
"327245885723",Barry Manilow Even Now LP Vinyl 1978 Arista AB 4164,,96ce7b17-001,"1","FIXED_PRICE","USD",12.54,,,12.54,"0","","","Jul-03-26 20:49:07 PDT","Aug-03-26 20:49:07 PDT","Vinyl Records","176985","","","Used","","","","","","US","","",""
"327245885724",Vintage Free Style Red Black Fanny Pack Waist Belt Bag,,ae07cad9-001,"1","FIXED_PRICE","USD",23.99,,,23.99,"0","","","Jul-03-26 20:49:07 PDT","Aug-03-26 20:49:07 PDT","Women's Bags & Handbags","169291","","","Pre-owned - Good","","","","","","US","","",""
"327245885725",JVC CB-35U Black Leather Camcorder Video Camera Carry Case,,519e432f-001,"1","FIXED_PRICE","USD",30.06,,,30.06,"0","","","Jul-03-26 20:49:07 PDT","Aug-03-26 20:49:07 PDT","Cases, Bags & Covers","107894","","","Used","","","","","","US","","",""
"327245885726",Cheech & Chong Get Out Of My Room LP 1985 MCA-5640 Vinyl Wrong Sleeve,,5cac4ad1-001,"1","FIXED_PRICE","USD",12.77,,,12.77,"0","","","Jul-03-26 20:49:07 PDT","Aug-03-26 20:49:07 PDT","Vinyl Records","176985","","","Used","","","","","","US","","",""
"327245885727","Best Loved Fairy Tales of Hans Christian Anderson RH17A 12"" LP",,fb8c3e96-001,"1","FIXED_PRICE","USD",19.99,,,19.99,"0","","","Jul-03-26 20:49:07 PDT","Aug-03-26 20:49:07 PDT","Vinyl Records","176985","","","Used","","","","","","US","","",""
"327245885729",Fossil 1954 Authentic Style Leather Cuff Quartz Watch Vintage Logo,,ad9d68ce-001,"1","FIXED_PRICE","USD",34.99,,,34.99,"0","","","Jul-03-26 20:49:07 PDT","Aug-03-26 20:49:07 PDT","Wristwatches","31387","","","Pre-owned - Good","","","","","","US","","",""
"327245885730",Barry Manilow This One's For You LP Vinyl 1976 Arista AL 4090,,7ff25f2c-001,"1","FIXED_PRICE","USD",10.53,,,10.53,"0","","","Jul-03-26 20:49:07 PDT","Aug-03-26 20:49:07 PDT","Vinyl Records","176985","","","Used","","","","","","US","","",""
"327245885731",Nat King Cole The Man and His Music 2LP w/ Booklet Capitol SQBO-93741,,b6a31526-001,"1","FIXED_PRICE","USD",13.28,,,13.28,"0","","","Jul-03-26 20:49:07 PDT","Aug-03-26 20:49:07 PDT","Vinyl Records","176985","","","Used","","","","","","US","","",""
"327245885732",1967 Walt Disney Jungle Book Story & Songs Book + Record ST-3948,,e68e764f-001,"1","FIXED_PRICE","USD",26.72,,,26.72,"0","5","0","Jul-03-26 20:49:07 PDT","Aug-03-26 20:49:07 PDT","Vinyl Records","176985","","","Used","","","","","","US","","",""
"327245885734",Other Lives Rituals White Vinyl 2xLP Gatefold 2015 TBD0023,,9fc23f05-001,"1","FIXED_PRICE","USD",29.99,,,29.99,"0","","","Jul-03-26 20:49:07 PDT","Aug-03-26 20:49:07 PDT","Vinyl Records","176985","","","Used","","","","","","US","","",""
"327245885735",The Chipmunks See Doctor Dolittle LP Sunset S-5300 Stereo 1968,,44c0bacd-001,"1","FIXED_PRICE","USD",12.56,,,12.56,"0","","","Jul-03-26 20:49:07 PDT","Aug-03-26 20:49:07 PDT","Vinyl Records","176985","","","Used","","","","","","US","","",""
"327245885736",Khalid Free Spirit 2LP Vinyl Record 2019 RCA,,903ee8ec-001,"1","FIXED_PRICE","USD",18.62,,,18.62,"0","","","Jul-03-26 20:49:07 PDT","Aug-03-26 20:49:07 PDT","Vinyl Records","176985","","","Used","","","","","","US","","",""
"327245885737",Walt Disney Presents Professor Wonderful Isaac Newton DQ-1264 Vinyl LP,,3f6d30aa-001,"1","FIXED_PRICE","USD",18.59,,,18.59,"0","","","Jul-03-26 20:49:07 PDT","Aug-03-26 20:49:07 PDT","Vinyl Records","176985","","","Used","","","","","","US","","",""
"327245885739",Twinkle TW-21 Goldilocks & the 3 Bears LP Children's Stories,,f6ce2074-001,"1","FIXED_PRICE","USD",12.32,,,12.32,"0","","","Jul-03-26 20:49:07 PDT","Aug-03-26 20:49:07 PDT","Vinyl Records","176985","","","Used","","","","","","US","","",""
"327245885740",1964 Disneyland 10 Songs From Walt Disney's Mary Poppins LP DQ-1256,,bc82a391-001,"1","FIXED_PRICE","USD",18.63,,,18.63,"0","","","Jul-03-26 20:49:07 PDT","Aug-03-26 20:49:07 PDT","Vinyl Records","176985","","","Used","","","","","","US","","",""
"327245885741",Barry Manilow Swing Street Vinyl LP 1987 Arista AL-8527,,2635c1c2-001,"1","FIXED_PRICE","USD",14.09,,,14.09,"0","","","Jul-03-26 20:49:07 PDT","Aug-03-26 20:49:07 PDT","Vinyl Records","176985","","","Used","","","","","","US","","",""
"327245885742",Barry Manilow If I Should Love Again LP Vinyl 1981 Arista AL 9573 CRC,,4910d215-001,"1","FIXED_PRICE","USD",10.13,,,10.13,"0","","","Jul-03-26 20:49:07 PDT","Aug-03-26 20:49:07 PDT","Vinyl Records","176985","","","Used","","","","","","US","","",""
"327245885743",Heavily Worn 45 RPM Vinyl Records Lot,,bf30e227-001,"2","FIXED_PRICE","USD",21.84,,,21.84,"0","1","0","Jul-03-26 20:49:07 PDT","Aug-03-26 20:49:07 PDT","Vinyl Records","176985","","","Used","","","","","","US","","",""
"327245885744",Walt Disney Dumbo Story & Songs LP Book ST-3904 1965 Timothy Mouse,,27b479e9-001,"1","FIXED_PRICE","USD",19.99,,,19.99,"0","","","Jul-03-26 20:49:07 PDT","Aug-03-26 20:49:07 PDT","Records","1397","","","Used","","","","","","US","","",""
"327245885746",Richard Simmons Reach 1982 Elektra Vinyl LP w/ Booklet,,6479ed94-001,"1","FIXED_PRICE","USD",13.22,,,13.22,"0","","","Jul-03-26 20:49:07 PDT","Aug-03-26 20:49:07 PDT","Vinyl Records","176985","","","Used","","","","","","US","","",""
"327245885748",Judi Sheppard Missett Jazzercise MCA-5272 LP w/ Poster & Inserts,,0326f59c-001,"1","FIXED_PRICE","USD",14.12,,,14.12,"0","","","Jul-03-26 20:49:07 PDT","Aug-03-26 20:49:07 PDT","Vinyl Records","176985","","","Used","","","","","","US","","",""
"327245885749",The Guess Who Artificial Paradise RCA Victor LP LSP-4830 1973 Stereo,,b3f1b28f-001,"1","FIXED_PRICE","USD",26.18,,,26.18,"0","","","Jul-03-26 20:49:07 PDT","Aug-03-26 20:49:07 PDT","Vinyl Records","176985","","","Used","","","","","","US","","",""
"327245885751",Bee Gees - Spirits Having Flown 1979 RSO Vinyl LP,,5ed8673e-001,"1","FIXED_PRICE","USD",13.83,,,13.83,"0","2","0","Jul-03-26 20:49:07 PDT","Aug-03-26 20:49:07 PDT","Vinyl Records","176985","","","Used","","","","","","US","","",""
"327245885752",Nat King Cole / Phil Flowers Sings DLP-162 Vinyl LP,,9574f76a-001,"1","FIXED_PRICE","USD",14.13,,,14.13,"0","","","Jul-03-26 20:49:07 PDT","Aug-03-26 20:49:07 PDT","Vinyl Records","176985","","","Used","","","","","","US","","",""
"327245885753",1962 My First Golden Record Library Vol 1 Mother Goose LP BRC-V-1,,fc6b290b-001,"1","FIXED_PRICE","USD",12.32,,,12.32,"0","","","Jul-03-26 20:49:07 PDT","Aug-03-26 20:49:07 PDT","Vinyl Records","176985","","","Used","","","","","","US","","",""
"327245885754",ABBA Self-Titled LP 1975 Atlantic SD 18146 Vinyl,,4eaac068-001,"1","FIXED_PRICE","USD",19.99,,,19.99,"0","8","0","Jul-03-26 20:49:07 PDT","Aug-03-26 20:49:07 PDT","Vinyl Records","176985","","","Used","","","","","","US","","",""
"327245885756",Mary Poppins Original Cast Soundtrack LP BV-4026 Mono Buena Vista,,2b04c5e9-001,"1","FIXED_PRICE","USD",20.42,,,20.42,"0","2","0","Jul-03-26 20:49:07 PDT","Aug-03-26 20:49:07 PDT","Vinyl Records","176985","","","Used","","","","","","US","","",""
"327245885758",Nathaniel The Grublet Candle Dean Jones 1979 Birdwing LP BWR-2018 Comic,,a164badf-001,"1","FIXED_PRICE","USD",14.99,,,14.99,"0","","","Jul-03-26 20:49:07 PDT","Aug-03-26 20:49:07 PDT","Vinyl Records","176985","","","Used","","","","","","US","","",""
"327245885759",Robin Hood RH17 Best Loved Fairy Tales Hans Christian Andersen LP Hi-Fi,,e3b09f46-001,"1","FIXED_PRICE","USD",15.92,,,15.92,"0","","","Jul-03-26 20:49:07 PDT","Aug-03-26 20:49:07 PDT","Vinyl Records","176985","","","Used","","","","","","US","","",""
"327245885761",Nat King Cole Unforgettable SM-357 Capitol Stereo LP Vinyl Record,,0b0a1dd6-001,"1","FIXED_PRICE","USD",24.99,,,24.99,"0","","","Jul-03-26 20:49:07 PDT","Aug-03-26 20:49:07 PDT","Vinyl Records","176985","","","Used","","","","","","US","","",""
"327245885762",Roots USA 2002 Olympic Team Official Outfitter Fleece Beret Hat OS,,24f03d95-001,"1","FIXED_PRICE","USD",19.49,,,19.49,"0","","","Jul-03-26 20:49:07 PDT","Aug-03-26 20:49:07 PDT","Olympics","27291","","","Used","","","","","","US","","",""
"327245885764","The Musical Mother Goose CRG 209 2x 10"" 78 RPM Vinyl Record Set",,31d5ee21-001,"1","FIXED_PRICE","USD",19.99,,,19.99,"0","","","Jul-03-26 20:49:07 PDT","Aug-03-26 20:49:07 PDT","Vinyl Records","176985","","","Used","","","","","","US","","",""
"327246655109",Heavy Gear PC CD-ROM 1997 Activision 3D Combat Simulator Jewel Case,,3ef59098-001,"1","FIXED_PRICE","USD",9.99,,,9.99,"0","","","Jul-04-26 09:58:27 PDT","Aug-04-26 09:58:27 PDT","Video Games","139973","","","Good","","","","","","US","","",""
"327246655111",100 Great Games for Palm Computing Platform CD-ROM Global Star 2000,,19d64b67-001,"1","FIXED_PRICE","USD",9.99,,,9.99,"0","","","Jul-04-26 09:58:27 PDT","Aug-04-26 09:58:27 PDT","Video Games","139973","","","Good","","","","","","US","","",""
"327246655112",Borderlands 2 Microsoft Xbox 360 2012 Disc Only NTSC-U/C,,1345a8c7-001,"1","FIXED_PRICE","USD",8.69,,,8.69,"0","","","Jul-04-26 09:58:27 PDT","Aug-04-26 09:58:27 PDT","Video Games","139973","","","Good","","","","","","US","","",""
"327247145239",Percy Faith Black Magic Woman 1971 Columbia C 30800 Vinyl LP,,6c77b6bd-001,"1","FIXED_PRICE","USD",15.34,,,15.34,"0","","","Jul-04-26 18:17:01 PDT","Aug-04-26 18:17:01 PDT","Vinyl Records","176985","","","Used","","","","","","US","","",""
"327247145240",Percy Faith A Time For Love 2xLP Columbia G 30330 1971 Gatefold,,03df369d-001,"1","FIXED_PRICE","USD",19.56,,,19.56,"0","","","Jul-04-26 18:17:01 PDT","Aug-04-26 18:17:01 PDT","Vinyl Records","176985","","","Used","","","","","","US","","",""
"327247145241",Percy Faith Country Bouquet LP Vinyl 1974 Columbia KC 33142 Good,,5ff8155f-001,"1","FIXED_PRICE","USD",8.12,,,8.12,"0","","","Jul-04-26 18:17:01 PDT","Aug-04-26 18:17:01 PDT","Vinyl Records","176985","","","Used","","","","","","US","","",""
"327247145242",Percy Faith Bon Voyage! Continental Souvenirs LP Columbia CS 8214 Stereo,,46bc23d8-001,"1","FIXED_PRICE","USD",8.93,,,8.93,"0","","","Jul-04-26 18:17:01 PDT","Aug-04-26 18:17:01 PDT","Vinyl Records","176985","","","Used","","","","","","US","","",""
"327247145243",Barbra Streisand Streisand Superman LP 1977 Columbia JC 34830,,a45a78fd-001,"1","FIXED_PRICE","USD",11.43,,,11.43,"0","1","0","Jul-04-26 18:17:01 PDT","Aug-04-26 18:17:01 PDT","Vinyl Records","176985","","","Used","","","","","","US","","",""
"327247145245",Percy Faith Vinyl LP Lot Themes Young Lovers All-Time Greatest Hits,,5cddb14a-001,"1","FIXED_PRICE","USD",19.99,,,19.99,"0","","","Jul-04-26 18:17:01 PDT","Aug-04-26 18:17:01 PDT","Vinyl Records","176985","","","Used","","","","","","US","","",""
"327247145246",Andy Williams Honey LP Columbia CS 9662 1968 Stereo Vinyl Record,,54f05ba1-001,"1","FIXED_PRICE","USD",10.53,,,10.53,"0","","","Jul-04-26 18:17:01 PDT","Aug-04-26 18:17:01 PDT","Vinyl Records","176985","","","Used","","","","","","US","","",""
"327247145247",Percy Faith Music From Hollywood Columbia CL 577 Mono LP Record,,9b98a96f-001,"1","FIXED_PRICE","USD",18.4,,,18.4,"0","","","Jul-04-26 18:17:01 PDT","Aug-04-26 18:17:01 PDT","Vinyl Records","176985","","","Used","","","","","","US","","",""
"327247145249",Andy Williams Dear Heart LP Columbia CS 9138 Stereo Vinyl 1965,,2c1aedc6-001,"1","FIXED_PRICE","USD",12.38,,,12.38,"0","","","Jul-04-26 18:17:01 PDT","Aug-04-26 18:17:01 PDT","Vinyl Records","176985","","","Used","","","","","","US","","",""
"327247145250",Percy Faith The Columbia Album Of Victor Herbert Vol 1 LP CL 1201,,f401eb3c-001,"1","FIXED_PRICE","USD",11.51,,,11.51,"0","","","Jul-04-26 18:17:01 PDT","Aug-04-26 18:17:01 PDT","Vinyl Records","176985","","","Used","","","","","","US","","",""
"327247145251",The Percy Faith Strings Bouquet Of Love LP Columbia CS 8481 Stereo 1962,,757451d9-001,"1","FIXED_PRICE","USD",11.51,,,11.51,"0","","","Jul-04-26 18:17:01 PDT","Aug-04-26 18:17:01 PDT","Vinyl Records","176985","","","Used","","","","","","US","","",""
"327247145252",ABBA Thank You For The Music LP 1983 UK Epic EPC 10043 Vinyl Record,,f48cce85-001,"1","FIXED_PRICE","USD",30.18,,,30.18,"0","","","Jul-04-26 18:17:01 PDT","Aug-04-26 18:17:01 PDT","Vinyl Records","176985","","","Used","","","","","","US","","",""
"327247145253",Andy Williams The Impossible Dream 2 LP Columbia KG 31064 Gatefold,,efb2d4de-001,"1","FIXED_PRICE","USD",17.5,,,17.5,"0","","","Jul-04-26 18:17:01 PDT","Aug-04-26 18:17:01 PDT","Vinyl Records","176985","","","Used","","","","","","US","","",""
"327247145254",Percy Faith Held Over Today's Great Movie Themes LP Columbia CS 1019,,fce647d7-001,"1","FIXED_PRICE","USD",8.51,,,8.51,"0","","","Jul-04-26 18:17:01 PDT","Aug-04-26 18:17:01 PDT","Vinyl Records","176985","","","Used","","","","","","US","","",""
"327247145255",Funny Girl Soundtrack LP Barbra Streisand Columbia BOS 3220 1968,,621cea22-001,"1","FIXED_PRICE","USD",12.78,,,12.78,"0","","","Jul-04-26 18:17:01 PDT","Aug-04-26 18:17:01 PDT","Vinyl Records","176985","","","Used","","","","","","US","","",""
"327247145256",Percy Faith Plays Continental Music Columbia CL 525 Mono LP 1953,,1bf98e55-001,"1","FIXED_PRICE","USD",11.43,,,11.43,"0","","","Jul-04-26 18:17:01 PDT","Aug-04-26 18:17:01 PDT","Vinyl Records","176985","","","Used","","","","","","US","","",""
"327247145257",Barbra Streisand The Way We Were LP Vinyl Record PC 32801 Columbia 1974,,bdbc87f4-001,"1","FIXED_PRICE","USD",10.98,,,10.98,"0","1","0","Jul-04-26 18:17:01 PDT","Aug-04-26 18:17:01 PDT","Vinyl Records","176985","","","Used","","","","","","US","","",""
"327247145258",Barbra Streisand Simply Streisand LP Columbia CS 9482 1967 Stereo,,5c678779-001,"1","FIXED_PRICE","USD",11.61,,,11.61,"0","","","Jul-04-26 18:17:01 PDT","Aug-04-26 18:17:01 PDT","Vinyl Records","176985","","","Used","","","","","","US","","",""
"327247145259",Barbra Streisand My Name Is Barbra LP CS 9136 Columbia 1965 Stereo,,3f35dc62-001,"1","FIXED_PRICE","USD",12.69,,,12.69,"0","","","Jul-04-26 18:17:01 PDT","Aug-04-26 18:17:01 PDT","Vinyl Records","176985","","","Used","","","","","","US","","",""
"327247145260",Percy Faith Passport To Romance LP Columbia CL 880 Mono 1956,,652997a7-001,"1","FIXED_PRICE","USD",12.77,,,12.77,"0","","","Jul-04-26 18:17:01 PDT","Aug-04-26 18:17:01 PDT","Vinyl Records","176985","","","Used","","","","","","US","","",""
"327247145261",Barbra Streisand The Second Album LP Columbia CS 8854 Stereo 360 Sound,,accb726d-001,"1","FIXED_PRICE","USD",8.73,,,8.73,"0","","","Jul-04-26 18:17:01 PDT","Aug-04-26 18:17:01 PDT","Vinyl Records","176985","","","Used","","","","","","US","","",""
"327247145262",Percy Faith Jealousy LP Columbia CS 8292 Stereo 1960 Vinyl Record,,655822ee-001,"1","FIXED_PRICE","USD",12.55,,,12.55,"0","","","Jul-04-26 18:17:01 PDT","Aug-04-26 18:17:01 PDT","Vinyl Records","176985","","","Used","","","","","","US","","",""
"327247145263",Andy Williams Raindrops Keep Fallin' On My Head LP Columbia CS 9896,,41203c63-001,"1","FIXED_PRICE","USD",8.12,,,8.12,"0","","","Jul-04-26 18:17:01 PDT","Aug-04-26 18:17:01 PDT","Vinyl Records","176985","","","Used","","","","","","US","","",""
"327247145266",Percy Faith I Think I Love You LP Columbia C 30502 1971 Vinyl Record,,4efd3756-001,"1","FIXED_PRICE","USD",9.96,,,9.96,"0","","","Jul-04-26 18:17:01 PDT","Aug-04-26 18:17:01 PDT","Vinyl Records","176985","","","Used","","","","","","US","","",""
"327247145267",ABBA The Album LP 1977 Atlantic SD 19164 Vinyl w/ Inner Sleeve,,b96ff7fa-001,"1","FIXED_PRICE","USD",17.28,,,17.28,"0","1","0","Jul-04-26 18:17:01 PDT","Aug-04-26 18:17:01 PDT","Vinyl Records","176985","","","Used","","","","","","US","","",""
"327247145268",Barbra Streisand My Name Is Barbra Two LP Columbia CS 9209 Stereo,,f2ceafd9-001,"1","FIXED_PRICE","USD",10.06,,,10.06,"0","","","Jul-04-26 18:17:01 PDT","Aug-04-26 18:17:01 PDT","Vinyl Records","176985","","","Used","","","","","","US","","",""
"327247145270",Julio Iglesias & Willie Nelson To All The Girls 45 RPM 38-04217,,be41b401-001,"1","FIXED_PRICE","USD",9.49,,,9.49,"0","1","0","Jul-04-26 18:17:01 PDT","Aug-04-26 18:17:01 PDT","Vinyl Records","176985","","","Used","","","","","","US","","",""
"327247145271",The Percy Faith Strings The Beatles Album LP 1970 Columbia C 30097,,46ee0f95-001,"1","FIXED_PRICE","USD",14.81,,,14.81,"0","","","Jul-04-26 18:17:01 PDT","Aug-04-26 18:17:01 PDT","Vinyl Records","176985","","","Used","","","","","","US","","",""
"327247145272",Barbra Streisand Season's Greetings & Friends LP CSS 1075 Maxwell House,,413822b8-001,"1","FIXED_PRICE","USD",14.1,,,14.1,"0","","","Jul-04-26 18:17:01 PDT","Aug-04-26 18:17:01 PDT","Vinyl Records","176985","","","Used","","","","","","US","","",""
"327247145274",Barbra Streisand Barbra Joan Streisand 1971 LP Vinyl KC 30792 Gatefold,,0953678d-001,"1","FIXED_PRICE","USD",12.33,,,12.33,"0","1","0","Jul-04-26 18:17:01 PDT","Aug-04-26 18:17:01 PDT","Vinyl Records","176985","","","Used","","","","","","US","","",""
"327247145276",ABBA Waterloo 1974 Atlantic SD 18101 Vinyl LP Record,,fbe48977-001,"1","FIXED_PRICE","USD",19.99,,,19.99,"0","1","0","Jul-04-26 18:17:01 PDT","Aug-04-26 18:17:01 PDT","Vinyl Records","176985","","","Used","","","","","","US","","",""
"327248161821",Vintage Blue Embroidered Satin Tablecloth & 2 Placemats Dove Floral,,cafbe7e9-001,"1","FIXED_PRICE","USD",74.74,,,74.74,"0","1","0","Jul-05-26 10:56:45 PDT","Aug-05-26 10:56:45 PDT","Table Linen Sets","71238","","","Pre-owned","","","","","","US","","",""
"327248608979","Squishmallows Micromallows Carmelita S'more 2.5"" Mini Plush 2024",,310276e9-001,"1","FIXED_PRICE","USD",19.99,,,19.99,"0","","","Jul-05-26 17:50:11 PDT","Aug-05-26 17:50:11 PDT","Other Stuffed Animals","230","","","Used","","","","","","US","","",""
"327248608980",Her Universe Hello Kitty Pink Charm Shoulder Bag Sanrio Purse,,057fb974-001,"1","FIXED_PRICE","USD",29.99,,,29.99,"0","","","Jul-05-26 17:50:11 PDT","Aug-05-26 17:50:11 PDT","Women's Bags & Handbags","169291","","","Pre-owned - Good","","","","","","US","","",""
"327253540274",Disney's Children's Favorites Volume I LP 1979 Disneyland 2505,,421dea74-001,"1","FIXED_PRICE","USD",13.22,,,13.22,"0","2","0","Jul-08-26 12:20:53 PDT","Aug-08-26 12:20:53 PDT","Vinyl Records","176985","","","Used","","","","","","US","","",""
"327253540275",Ray Price Burning Memories LP Columbia CS 9089 Stereo 1964 Country Vinyl,,35700848-001,"1","FIXED_PRICE","USD",13.38,,,13.38,"0","","","Jul-08-26 12:20:53 PDT","Aug-08-26 12:20:53 PDT","Vinyl Records","176985","","","Used","","","","","","US","","",""
"327253540276","Rainbow Street Of Dreams 12"" Single POSPX 631 Polydor UK 1983 Vinyl",,2be66646-001,"1","FIXED_PRICE","USD",17.58,,,17.58,"0","","","Jul-08-26 12:20:53 PDT","Aug-08-26 12:20:53 PDT","Vinyl Records","176985","","","Used","","","","","","US","","",""
"327253540277",Doak Snead Powderhorn LP Sealed Hearsay 1978 Texas Country Vinyl,,8c98b6a2-001,"1","FIXED_PRICE","USD",49.99,,,49.99,"0","","","Jul-08-26 12:20:53 PDT","Aug-08-26 12:20:53 PDT","Vinyl Records","176985","","","New","","","","","","US","","",""
"327253540279",Tom Jones Live! At The Talk Of The Town LP 1967 Parrot PAS 71014 Stereo,,c911573b-001,"1","FIXED_PRICE","USD",10.45,,,10.45,"0","","","Jul-08-26 12:20:53 PDT","Aug-08-26 12:20:53 PDT","Vinyl Records","176985","","","Used","","","","","","US","","",""
"327253540280",Ten Years After Ssssh LP 1969 Deram London DES 18029 Gatefold w/ Inner,,3e0281ad-001,"1","FIXED_PRICE","USD",15.93,,,15.93,"0","1","0","Jul-08-26 12:20:53 PDT","Aug-08-26 12:20:53 PDT","Vinyl Records","176985","","","Used","","","","","","US","","",""
"327253540281",Zebra Self-Titled 1983 Atlantic 80054-1 Vinyl LP w/ Inner Sleeve,,8ff3eeb4-001,"1","FIXED_PRICE","USD",19.99,,,19.99,"0","2","0","Jul-08-26 12:20:53 PDT","Aug-08-26 12:20:53 PDT","Vinyl Records","176985","","","Used","","","","","","US","","",""
"327253540282",Children's Christmas Party LP Halo 1001 Stereo Vinyl Record,,5c57c945-001,"1","FIXED_PRICE","USD",14.12,,,14.12,"0","","","Jul-08-26 12:20:53 PDT","Aug-08-26 12:20:53 PDT","Vinyl Records","176985","","","Used","","","","","","US","","",""
"327253540284",Uriah Heep Live 1973 2xLP Mercury SRM-2-7503 Gatefold Program,,6c99d677-001,"1","FIXED_PRICE","USD",18.46,,,18.46,"0","1","0","Jul-08-26 12:20:53 PDT","Aug-08-26 12:20:53 PDT","Vinyl Records","176985","","","Used","","","","","","US","","",""
"327253540286",Climax Chicago Blues Band Self-Titled LP Sire SRK 6003 1977 Vinyl,,540f7561-001,"1","FIXED_PRICE","USD",12.32,,,12.32,"0","","","Jul-08-26 12:20:53 PDT","Aug-08-26 12:20:53 PDT","Vinyl Records","176985","","","Used","","","","","","US","","",""
"327253540287",Climax Blues Band Shine On LP 1978 Sire SRK 6056 Gatefold Vinyl,,b1d37a2d-001,"1","FIXED_PRICE","USD",10.49,,,10.49,"0","","","Jul-08-26 12:20:53 PDT","Aug-08-26 12:20:53 PDT","Vinyl Records","176985","","","Used","","","","","","US","","",""
"327255412885",Huion H610PRO V2 Creative Pen Tablet Drawing Tablet w/ USB Cable No Pen,,d7daef8a-001,"1","FIXED_PRICE","USD",24.91,,,24.91,"0","3","0","Jul-09-26 19:12:12 PDT","Aug-09-26 19:12:12 PDT","Graphics Tablets/Boards & Pens","3680","","","Used","","","","","","US","","",""
"327255412886",Vintage Clauss Model No. 4 Pinking Shears w/ Original Box USA,,e8aaec66-001,"1","FIXED_PRICE","USD",26.39,,,26.39,"0","","","Jul-09-26 19:12:12 PDT","Aug-09-26 19:12:12 PDT","Dressmaker's Scissors & Shears","28171","","","Used","","","","","","US","","",""
"327255412888",Style-a-bility BP11072-123 Multicolor Beaded Fringe Trim 36 in Lot of 2,,0cbb8bb3-001,"1","FIXED_PRICE","USD",19.99,,,19.99,"0","7","0","Jul-09-26 19:12:12 PDT","Aug-09-26 19:12:12 PDT","Trims","180926","","","New","","","","","","US","","",""
"327255412890",Lot of 72 My Mind's Eye Bohemia Transfer Titles Rub-Ons Scrapbook,,6cb67d7d-001,"1","FIXED_PRICE","USD",39.99,,,39.99,"0","","","Jul-09-26 19:12:12 PDT","Aug-09-26 19:12:12 PDT","Rub-On Transfers","183238","","","New","","","","","","US","","",""
"327255412891",Vintage Embroidery Floss Lot 41 Skeins J&P Coats DMC Pink Red,,a403b38a-001,"1","FIXED_PRICE","USD",19.99,,,19.99,"0","","","Jul-09-26 19:12:12 PDT","Aug-09-26 19:12:12 PDT","Hand Embroidery Floss & Thread","28144","","","Used","","","","","","US","","",""
"327255412892",Vintage Greist Automatic Buttonhole Stitch Attachment w/ Box Cams,,3eaf8bd7-001,"1","FIXED_PRICE","USD",30.96,,,30.96,"0","","","Jul-09-26 19:12:12 PDT","Aug-09-26 19:12:12 PDT","Machine Parts & Attachments","41248","","","Used","","","","","","US","","",""
"327255412893",The Great Christmas Crochet Book American School Needlework Hardcover Sealed,,2c4a8510-001,"1","FIXED_PRICE","USD",24.99,,,24.99,"0","","","Jul-09-26 19:12:12 PDT","Aug-09-26 19:12:12 PDT","Patterns-Vintage","150135","","","New","","","","","","US","","",""
"327255412894",Lot of 2 Bernat Tabriz Pre-Cut Latch Hook Rug Yarn 5502 Yellow Gold,,646a6ec0-001,"1","FIXED_PRICE","USD",19.99,,,19.99,"0","","","Jul-09-26 19:12:12 PDT","Aug-09-26 19:12:12 PDT","Yarn","36589","","","New","","","","","","US","","",""
"327255412896",Practical Comfort Flexivider Aluminum Drawer Dividers 9 Pc Set,,c788c235-001,"1","FIXED_PRICE","USD",24.99,,,24.99,"0","","","Jul-09-26 19:12:12 PDT","Aug-09-26 19:12:12 PDT","Organizers","130142","","","Open box","","","","","","US","","",""
"327255412897",Lot 21 Vintage Iron-On Patterns by Gayle Benet Bee Hive Hearts Content,,027a3ee3-001,"1","FIXED_PRICE","USD",39.99,,,39.99,"0","","","Jul-09-26 19:12:12 PDT","Aug-09-26 19:12:12 PDT","Fabric Transfers","31730","","","New","","","","","","US","","",""
"327255412900",Vintage Needlepoint Crewel Yarn Lot Red Heart DMC Paterna Persian,,c8420878-001,"1","FIXED_PRICE","USD",24.99,,,24.99,"0","","","Jul-09-26 19:12:12 PDT","Aug-09-26 19:12:12 PDT","Yarn","36589","","","Used","","","","","","US","","",""
"327255412901",Vintage Clark's O.N.T. Boilfast 6 Strand Cotton Floss 21 Skeins Box,,d5a928ea-001,"1","FIXED_PRICE","USD",23.99,,,23.99,"0","0","0","Jul-09-26 19:12:12 PDT","Aug-09-26 19:12:12 PDT","Hand Embroidery Floss & Thread","28144","","","Used","","","","","","US","","",""
"327255412902",Lot of 15 Magic Flyer Butterfly Wind Up Flying Prank Toys New,,2aae880e-001,"1","FIXED_PRICE","USD",19.38,,,19.38,"0","","","Jul-09-26 19:12:12 PDT","Aug-09-26 19:12:12 PDT","Party Gags & Tricks","19257","","","New","","","","","","US","","",""
"327255412903",Vintage Sears Kenmore Buttonholer Sewing Machine Attachment w/ Case,,0c9d71f9-001,"1","FIXED_PRICE","USD",31.84,,,31.84,"0","","","Jul-09-26 19:12:12 PDT","Aug-09-26 19:12:12 PDT","Machine Parts & Attachments","41248","","","Used","","","","","","US","","",""
"327255412906",Fancy Fashion Brown Bronze Beaded Fringe Trim 3 x 1 yd Cards,,114e46da-001,"1","FIXED_PRICE","USD",9.99,,,9.99,"0","","","Jul-09-26 19:12:12 PDT","Aug-09-26 19:12:12 PDT","Trims","180926","","","New","","","","","","US","","",""
"327255412909",Paragon Creative Crewel Stitchery Kit 0117 Taste of Life 18x24 NOS,,30c35735-001,"1","FIXED_PRICE","USD",39.99,,,39.99,"0","2","0","Jul-09-26 19:12:12 PDT","Aug-09-26 19:12:12 PDT","Crewel Embroidery Kits","116610","","","New","","","","","","US","","",""
"327255412910",Vintage Singer Golden Touch & Sew 640 Accessory Box 16 Fashion Discs Attachments,,396e5790-001,"1","FIXED_PRICE","USD",39.99,,,39.99,"0","1","0","Jul-09-26 19:12:12 PDT","Aug-09-26 19:12:12 PDT","Machine Parts & Attachments","41248","","","Used","","","","","","US","","",""
"327255412911",A Primer of Left-Handed Embroidery Carole Robbins Myers Hardcover 1974,,caa91c76-001,"1","FIXED_PRICE","USD",29.99,,,29.99,"0","","","Jul-09-26 19:12:12 PDT","Aug-09-26 19:12:12 PDT","Books","261186","","","Good","","","","","","US","","",""
"327255412912",Lot 2 Vintage Bali Prada Batik Fabric Panels 1970s Gold 78x40 77x20,,1e191765-001,"1","FIXED_PRICE","USD",99.99,,,99.99,"0","3","0","Jul-09-26 19:12:12 PDT","Aug-09-26 19:12:12 PDT","Fabric","28162","","","Used","","","","","","US","","",""
"327255412913",Assorted Pre-Cut Latch Hook Rug Yarn Lot Orange Green Yellow Blue,,1f3480b0-001,"1","FIXED_PRICE","USD",23.99,,,23.99,"0","","","Jul-09-26 19:12:12 PDT","Aug-09-26 19:12:12 PDT","Latch Hooking Tools & Supplies","116678","","","Used","","","","","","US","","",""
"327255412914",Vanna's Afghans A to Z 52 Crochet Favorites Vanna White Hardcover 1994,,9d33f277-001,"1","FIXED_PRICE","USD",10.89,,,10.89,"0","2","0","Jul-09-26 19:12:12 PDT","Aug-09-26 19:12:12 PDT","Books","261186","","","Acceptable","","","","","","US","","",""
"327255412916",Vintage Bernat Tabriz Pre-Cut Rug Yarn 5573 Lot ALM 14 Pieces,,28851b87-001,"1","FIXED_PRICE","USD",18.59,,,18.59,"0","","","Jul-09-26 19:12:12 PDT","Aug-09-26 19:12:12 PDT","Yarn","36589","","","Used","","","","","","US","","",""
"327255412917",Vintage Toledo Spain Damascene 12 Pc Cheese Knife Fork Set w Roll Case,,5dd32910-001,"1","FIXED_PRICE","USD",74.99,,,74.99,"0","1","0","Jul-09-26 19:12:12 PDT","Aug-09-26 19:12:12 PDT","Kitchen & Steak Knives","177005","","","Used","","","","","","US","","",""
"327255412918",Dimensions Disney Stitch Latch Hook Kit 12x12 Printed Canvas 72-75542,,7f35d5f6-001,"1","FIXED_PRICE","USD",24.99,,,24.99,"0","1","0","Jul-09-26 19:12:12 PDT","Aug-09-26 19:12:12 PDT","Latch Hooking Kits","28148","","","Used","","","","","","US","","",""
"327255412919",veirousa Cactus Sunset Latch Hook Pillow Kit 17x17 New Sealed Y759,,14e0c2f5-001,"1","FIXED_PRICE","USD",29.99,,,29.99,"0","","","Jul-09-26 19:12:12 PDT","Aug-09-26 19:12:12 PDT","Latch Hooking Kits","28148","","","New","","","","","","US","","",""
"327255412920",Worthofbest Hotfix Rhinestone Applicator Kit Plus Pink Wand 5000 Pcs,,15bc093a-001,"1","FIXED_PRICE","USD",24.99,,,24.99,"0","","","Jul-09-26 19:12:12 PDT","Aug-09-26 19:12:12 PDT","Hem Tape & Hot Fix Applicators","180928","","","Used","","","","","","US","","",""
"327255412922",Vintage Paragon Leopard Cub Stitchery Kit 0831 Sealed Susan Goldsmith,,8468d260-001,"1","FIXED_PRICE","USD",17.69,,,17.69,"0","","","Jul-09-26 19:12:12 PDT","Aug-09-26 19:12:12 PDT","Crewel Embroidery Kits","116610","","","New","","","","","","US","","",""
"327255412923",Vintage 1990 Tulip Shaded Transfers ST14 Desert Cactus Iron-On,,fff76180-001,"1","FIXED_PRICE","USD",15.99,,,15.99,"0","","","Jul-09-26 19:12:12 PDT","Aug-09-26 19:12:12 PDT","Fabric Transfers","31730","","","New","","","","","","US","","",""
"327255412924",Vintage Dimensions FashionArt Floral Iron-On Transfer 80157 Barbara Mock NOS,,04ddde6c-001,"1","FIXED_PRICE","USD",16.12,,,16.12,"0","","","Jul-09-26 19:12:12 PDT","Aug-09-26 19:12:12 PDT","Fabric Transfers","31730","","","New","","","","","","US","","",""
"327255412926",Vintage Groundmaster Special Art Tone Tube Hazel Pearson Craft Lot,,14aba08b-001,"1","FIXED_PRICE","USD",29.99,,,29.99,"0","","","Jul-09-26 19:12:12 PDT","Aug-09-26 19:12:12 PDT","Other Multi-Purpose Crafting","75564","","","Used","","","","","","US","","",""
"327255412927","3D Laser Etched Crystal Glass Paperweight World in Hands 3.5""",,5a2f3911-001,"1","FIXED_PRICE","USD",13.99,,,13.99,"0","","","Jul-09-26 19:12:12 PDT","Aug-09-26 19:12:12 PDT","Paperweights","261625","","","Used","","","","","","US","","",""
"327255412928",Quilts With A Twist Totem Quilt Pattern Raven Beaver Eagle Bear,,3959622b-001,"1","FIXED_PRICE","USD",17.69,,,17.69,"0","","","Jul-09-26 19:12:12 PDT","Aug-09-26 19:12:12 PDT","Quilt Patterns","83957","","","New","","","","","","US","","",""
"327255412931",Vintage Wesco-Reltex Mato-Tope Mandan Chief Fabric Panel 30x22,,311aba41-001,"1","FIXED_PRICE","USD",29.99,,,29.99,"0","1","0","Jul-09-26 19:12:12 PDT","Aug-09-26 19:12:12 PDT","Fabric","28162","","","Used","","","","","","US","","",""
"327255412932",Rod Stewart Foolish Behaviour LP Vinyl 1980 HS 3485 w/ Poster,,b405213c-001,"1","FIXED_PRICE","USD",13.4,,,13.4,"0","","","Jul-09-26 19:12:12 PDT","Aug-09-26 19:12:12 PDT","Vinyl Records","176985","","","Used","","","","","","US","","",""
"327255412933",Westrim Memories Forever Themed Ideas Scrapbook Page Kit 12x12 B234,,a4ae7081-001,"1","FIXED_PRICE","USD",19.99,,,19.99,"0","","","Jul-09-26 19:12:12 PDT","Aug-09-26 19:12:12 PDT","Scrapbooking & Card Kits","11789","","","New","","","","","","US","","",""
"327255412934",Vintage 1968 Carter's Gold Ink and Pen Set NOS Sealed B439,,8013157e-001,"1","FIXED_PRICE","USD",17.11,,,17.11,"0","1","0","Jul-09-26 19:12:12 PDT","Aug-09-26 19:12:12 PDT","Ink Refills & Cartridges","165652","","","New","","","","","","US","","",""
"327255412935",Hallmark Love and Romance Scrapbooking Kit Wedding Frames Stickers 8.5x11,,ab8ce9c8-001,"1","FIXED_PRICE","USD",19.99,,,19.99,"0","","","Jul-09-26 19:12:12 PDT","Aug-09-26 19:12:12 PDT","Scrapbooking & Card Kits","11789","","","New","","","","","","US","","",""
"327255412938",Lot of 6 Vintage Bernat Tabriz Pre-Cut Latch Hook Yarn 5517 Brown,,b7238fc6-001,"1","FIXED_PRICE","USD",44.99,,,44.99,"0","","","Jul-09-26 19:12:12 PDT","Aug-09-26 19:12:12 PDT","Yarn","36589","","","Used","","","","","","US","","",""
"327255412939","Bucilla Poinsettia Tapestry Needlepoint Stocking Kit 60725 18""",,41da6700-001,"1","FIXED_PRICE","USD",89.99,,,89.99,"0","15","0","Jul-09-26 19:12:12 PDT","Aug-09-26 19:12:12 PDT","Needlepoint Kits","3109","","","New","","","","","","US","","",""
"327255412940",Bucilla 83545 Poinsettia Candle Silk Ribbon Embroidery Brooch Pair Kit,,0e6a2c5b-001,"1","FIXED_PRICE","USD",17.69,,,17.69,"0","1","0","Jul-09-26 19:12:12 PDT","Aug-09-26 19:12:12 PDT","Ribbon Embroidery Kits","183198","","","New","","","","","","US","","",""
"327255412941",Vintage LeeWards Happy Clown Head Doll Parts With Hair Pkg of 2 Japan,,3bf8a044-001,"1","FIXED_PRICE","USD",9.99,,,9.99,"0","2","0","Jul-09-26 19:12:12 PDT","Aug-09-26 19:12:12 PDT","Doll Making & Repair","2408","","","New","","","","","","US","","",""
"327255412942",Heritage Series West Virginia Cardinal Rhododendron Cross Stitch Kit 14ct,,2c661195-001,"1","FIXED_PRICE","USD",24.99,,,24.99,"0","1","0","Jul-09-26 19:12:12 PDT","Aug-09-26 19:12:12 PDT","Cross Stitch Kits","34017","","","New","","","","","","US","","",""
"327255412945",Vintage Bircraft Lucite Yellow Rose Glass Tube Bud Vase Huntington IN,,388f6181-001,"1","FIXED_PRICE","USD",35.33,,,35.33,"0","","","Jul-09-26 19:12:12 PDT","Aug-09-26 19:12:12 PDT","Vases","101415","","","Used","","","","","","US","","",""
"327255412946","Vintage MCM Bilt-Rite Self Starting Electric Wall Clock 17"" Metal",,e505f68a-001,"1","FIXED_PRICE","USD",69.99,,,69.99,"0","2","0","Jul-09-26 19:12:12 PDT","Aug-09-26 19:12:12 PDT","Wall Clocks","261608","","","Used","","","","","","US","","",""
"327255412949",Joy Sunday F837 2831 Eiffel Tower Cross Stitch Kit 14CT 51x71cm New,,55ac09cd-001,"1","FIXED_PRICE","USD",24.99,,,24.99,"0","1","0","Jul-09-26 19:12:12 PDT","Aug-09-26 19:12:12 PDT","Cross Stitch Kits","34017","","","New","","","","","","US","","",""
"327255412950",Vintage Paragon Disney Bambi Quilted Baby Bibs Kit 0522 Part Worked,,506fcc22-001,"1","FIXED_PRICE","USD",34.99,,,34.99,"0","","","Jul-09-26 19:12:12 PDT","Aug-09-26 19:12:12 PDT","Other Hand Embroidery Kits","28142","","","Used","","","","","","US","","",""
"327255412951",Jefferson Starship Red Octopus LP Vinyl 1975 Grunt BFL1-0999 w/ Inner,,f3607a62-001,"1","FIXED_PRICE","USD",14.13,,,14.13,"0","","","Jul-09-26 19:12:12 PDT","Aug-09-26 19:12:12 PDT","Vinyl Records","176985","","","Used","","","","","","US","","",""
"327255412953",Lot 4 Wrights PC13 Brick 087 Double Fold Bias Quilt Binding 3 Yd,,ccb9a303-001,"1","FIXED_PRICE","USD",24.99,,,24.99,"0","","","Jul-09-26 19:12:12 PDT","Aug-09-26 19:12:12 PDT","Trims","180926","","","New","","","","","","US","","",""
"327255412955",Appomattox Court House NHP Hand Thrown Earthenware Inkwell Souvenir,,bdcad52e-001,"1","FIXED_PRICE","USD",14.99,,,14.99,"0","1","0","Jul-09-26 19:12:12 PDT","Aug-09-26 19:12:12 PDT","Inkwells","970","","","Used","","","","","","US","","",""
"327255412956",Lot 3 Vintage Burda Better Homes & Gardens Girls Sewing Patterns Size 6,,bf752484-001,"1","FIXED_PRICE","USD",24.99,,,24.99,"0","","","Jul-09-26 19:12:12 PDT","Aug-09-26 19:12:12 PDT","Sewing Patterns","28174","","","Used","","","","","","US","","",""
"327255412957",Boo-Tique Too Cute to Spook Candy Corn Iron-On Transfer Horizon Group,,779acbf6-001,"1","FIXED_PRICE","USD",19.99,,,19.99,"0","","","Jul-09-26 19:12:12 PDT","Aug-09-26 19:12:12 PDT","Fabric Transfers","31730","","","New","","","","","","US","","",""
"327255412958",Adam Miller Westwind Circus LP 1974 Chelsea CHL 501 Vinyl Record,,dc1be21c-001,"1","FIXED_PRICE","USD",9.51,,,9.51,"0","","","Jul-09-26 19:12:12 PDT","Aug-09-26 19:12:12 PDT","Vinyl Records","176985","","","Used","","","","","","US","","",""
"327255412960",Eddie Money No Control Vinyl LP 1982 Columbia FC 37960,,b15bc06c-001,"1","FIXED_PRICE","USD",13.34,,,13.34,"0","","","Jul-09-26 19:12:12 PDT","Aug-09-26 19:12:12 PDT","Vinyl Records","176985","","","Used","","","","","","US","","",""
"327255412962",Needle Treasures M.J. Hummel He Loves Me? Cross Stitch Kit 02688,,8a23af89-001,"1","FIXED_PRICE","USD",16.8,,,16.8,"0","","","Jul-09-26 19:12:12 PDT","Aug-09-26 19:12:12 PDT","Cross Stitch Kits","34017","","","New","","","","","","US","","",""
"327255412963",Vintage Wil-Hold Wilson Brown Plastic Sewing Thread Organizer Case,,609b1a34-001,"1","FIXED_PRICE","USD",35.73,,,35.73,"0","2","0","Jul-09-26 19:12:12 PDT","Aug-09-26 19:12:12 PDT","Sewing Boxes & Storage","83965","","","Used","","","","","","US","","",""
"327255412965",Creative Beginnings RK203 Garden at Dusk Silk Ribbon Embroidery Brooch Kit,,b4289c34-001,"1","FIXED_PRICE","USD",19.99,,,19.99,"0","","","Jul-09-26 19:12:12 PDT","Aug-09-26 19:12:12 PDT","Ribbon Embroidery Kits","183198","","","New","","","","","","US","","",""
"327255412968",Boo-Tique Halloween Iron-On Pumpkin Applique & Rhinestone Lot Horizon,,9b86b2b6-001,"1","FIXED_PRICE","USD",19.99,,,19.99,"0","","","Jul-09-26 19:12:12 PDT","Aug-09-26 19:12:12 PDT","Patches","113337","","","New","","","","","","US","","",""
"327255412969",Heritage Series Oregon Bird Flower Cross Stitch Kit 14 Ct Aida NOS,,de124c23-001,"1","FIXED_PRICE","USD",24.99,,,24.99,"0","","","Jul-09-26 19:12:12 PDT","Aug-09-26 19:12:12 PDT","Cross Stitch Kits","34017","","","New","","","","","","US","","",""
"327255412970",Design Works With God Counted Cross Stitch Kit 5x7 Sealed USA,,a0f1589d-001,"1","FIXED_PRICE","USD",19.99,,,19.99,"0","1","0","Jul-09-26 19:12:12 PDT","Aug-09-26 19:12:12 PDT","Cross Stitch Kits","34017","","","New","","","","","","US","","",""
"327255412971",Fred Waring Younger Than Springtime Longines 5 LP Box Set,,2d05032f-001,"1","FIXED_PRICE","USD",31.64,,,31.64,"0","","","Jul-09-26 19:12:12 PDT","Aug-09-26 19:12:12 PDT","Vinyl Records","176985","","","Used","","","","","","US","","",""
"327255412972",Heritage Series Pennsylvania State Bird Flower Cross Stitch Kit 14ct NOS,,095750c5-001,"1","FIXED_PRICE","USD",24.99,,,24.99,"0","1","0","Jul-09-26 19:12:12 PDT","Aug-09-26 19:12:12 PDT","Cross Stitch Kits","34017","","","New","","","","","","US","","",""
"327255412974",Doak Snead Powderhorn LP Vinyl Hearsay Records HRA 11679 w/ Inserts,,8b213bbd-001,"1","FIXED_PRICE","USD",49.99,,,49.99,"0","","","Jul-09-26 19:12:12 PDT","Aug-09-26 19:12:12 PDT","Vinyl Records","176985","","","Used","","","","","","US","","",""
"327255587428","Vintage Time-Life Books ""The Old West” - Pick and Choose One or More Volumes",Volume=The Texans;The Townsmen;The Spanish West;The Pioneers;The Forty-Niners;The End and the Myth;The Loggers;The Women;The Chroniclers;The Canadians;The Indians;The Alaskans;The Trailblazers;The Frontiersmen;The Mexican War,684e0137-3d5d-42db-a010-5d7a986e083f,"12","FIXED_PRICE","USD",36.49,,,36.49,"4","5","0","Jul-09-26 22:07:54 PDT","Aug-09-26 22:07:54 PDT","Books","261186","","","Good","","","","","","US","Does not apply","",""
"327255587428","Vintage Time-Life Books ""The Old West” - Pick and Choose One or More Volumes",Volume=The Texans,684e0137-001,"2","FIXED_PRICE","USD",36.49,,,,"1",,,"Jul-09-26 22:07:54 PDT","Aug-09-26 22:07:54 PDT","Books","261186","","","Good",,,,,"","US","","",""
"327255587428","Vintage Time-Life Books ""The Old West” - Pick and Choose One or More Volumes",Volume=The Townsmen,684e0137-003,"1","FIXED_PRICE","USD",36.49,,,,"0",,,"Jul-09-26 22:07:54 PDT","Aug-09-26 22:07:54 PDT","Books","261186","","","Good",,,,,"","US","","",""
"327255587428","Vintage Time-Life Books ""The Old West” - Pick and Choose One or More Volumes",Volume=The Spanish West,684e0137-002,"1","FIXED_PRICE","USD",36.49,,,,"0",,,"Jul-09-26 22:07:54 PDT","Aug-09-26 22:07:54 PDT","Books","261186","","","Good",,,,,"","US","","",""
"327255587428","Vintage Time-Life Books ""The Old West” - Pick and Choose One or More Volumes",Volume=The Pioneers,684e0137-004,"0","FIXED_PRICE","USD",36.49,,,,"1",,,"Jul-09-26 22:07:54 PDT","Aug-09-26 22:07:54 PDT","Books","261186","","","Good",,,,,"","US","","",""
"327255587428","Vintage Time-Life Books ""The Old West” - Pick and Choose One or More Volumes",Volume=The Forty-Niners,684e0137-005,"1","FIXED_PRICE","USD",36.49,,,,"0",,,"Jul-09-26 22:07:54 PDT","Aug-09-26 22:07:54 PDT","Books","261186","","","Good",,,,,"","US","","",""
"327255587428","Vintage Time-Life Books ""The Old West” - Pick and Choose One or More Volumes",Volume=The End and the Myth,684e0137-006,"0","FIXED_PRICE","USD",38.99,,,,"1",,,"Jul-09-26 22:07:54 PDT","Aug-09-26 22:07:54 PDT","Books","261186","","","Good",,,,,"","US","","",""
"327255587428","Vintage Time-Life Books ""The Old West” - Pick and Choose One or More Volumes",Volume=The Loggers,684e0137-007,"1","FIXED_PRICE","USD",36.49,,,,"0",,,"Jul-09-26 22:07:54 PDT","Aug-09-26 22:07:54 PDT","Books","261186","","","Good",,,,,"","US","","",""
"327255587428","Vintage Time-Life Books ""The Old West” - Pick and Choose One or More Volumes",Volume=The Women,684e0137-008,"1","FIXED_PRICE","USD",36.49,,,,"0",,,"Jul-09-26 22:07:54 PDT","Aug-09-26 22:07:54 PDT","Books","261186","","","Good",,,,,"","US","","",""
"327255587428","Vintage Time-Life Books ""The Old West” - Pick and Choose One or More Volumes",Volume=The Chroniclers,684e0137-009,"1","FIXED_PRICE","USD",36.49,,,,"0",,,"Jul-09-26 22:07:54 PDT","Aug-09-26 22:07:54 PDT","Books","261186","","","Good",,,,,"","US","","",""
"327255587428","Vintage Time-Life Books ""The Old West” - Pick and Choose One or More Volumes",Volume=The Canadians,684e0137-010,"1","FIXED_PRICE","USD",36.49,,,,"0",,,"Jul-09-26 22:07:54 PDT","Aug-09-26 22:07:54 PDT","Books","261186","","","Good",,,,,"","US","","",""
"327255587428","Vintage Time-Life Books ""The Old West” - Pick and Choose One or More Volumes",Volume=The Indians,684e0137-011,"2","FIXED_PRICE","USD",36.49,,,,"1",,,"Jul-09-26 22:07:54 PDT","Aug-09-26 22:07:54 PDT","Books","261186","","","Good",,,,,"","US","","",""
"327255587428","Vintage Time-Life Books ""The Old West” - Pick and Choose One or More Volumes",Volume=The Alaskans,684e0137-012,"1","FIXED_PRICE","USD",36.49,,,,"0",,,"Jul-09-26 22:07:54 PDT","Aug-09-26 22:07:54 PDT","Books","261186","","","Good",,,,,"","US","","",""
"327256728675","Vintage Los Angeles Lakers Chick Hearn ""In Memory Of"" Commemorative Pin",,6c2ccec1-001,"1","FIXED_PRICE","USD",19.99,,,19.99,"0","","","Jul-10-26 18:59:18 PDT","Aug-10-26 18:59:18 PDT","Basketball-NBA","24442","","","Used","","","","","","US","","",""
"327256728676",Razer Basilisk X HyperSpeed Wireless Mouse RC30-031501 For Parts Not Working,,e594943d-001,"1","FIXED_PRICE","USD",19.99,,,19.99,"0","","","Jul-10-26 18:59:18 PDT","Aug-10-26 18:59:18 PDT","Mice, Trackballs & Touchpads","23160","","","For parts or not working","","","","","","US","","",""
"327256728678",Apple AirPods Pro 1st Gen A2190 Case + 1 Earbud For Parts,,d5eb4632-001,"1","FIXED_PRICE","USD",19.99,,,19.99,"0","0","0","Jul-10-26 18:59:18 PDT","Aug-10-26 18:59:18 PDT","Headphones","112529","","","For parts or not working","","","","","","US","","",""
"327257697679",Vintage Japan Bisque Cat & Shoe Toothpick Holder Cold Paint,,b8dd96d8-001,"1","FIXED_PRICE","USD",24.99,,,24.99,"0","1","0","Jul-11-26 16:25:43 PDT","Aug-11-26 16:25:43 PDT","Other Kitchen Tools & Gadgets","261699","","","Used","","","","","","US","","",""
"327257697680",Model Power 5701 Work Crew 6 Hand-Painted HO Scale Figures Sealed,,eb3ef96c-001,"1","FIXED_PRICE","USD",14.98,,,14.98,"0","","","Jul-11-26 16:25:43 PDT","Aug-11-26 16:25:43 PDT","Figures & People","262312","","","Used","","","","","","US","","",""
"327257697682",Apple AirPods case - For parts / not working,,097d6eff-001,"1","FIXED_PRICE","USD",14.99,,,14.99,"0","","","Jul-11-26 16:25:43 PDT","Aug-11-26 16:25:43 PDT","Headsets","80077","","","For parts or not working","","","","","","US","","",""
"327257697684",Vintage 1950s Artistic Toy Co Oilcloth Zebra Stuffed Animal 6in AS-IS,,c6771440-001,"1","FIXED_PRICE","USD",19.99,,,19.99,"0","2","0","Jul-11-26 16:25:43 PDT","Aug-11-26 16:25:43 PDT","Vintage","165956","","","Used","","","","","","US","","",""
"327257697687",Logitech G PRO Wireless Gaming Mouse Black For Parts Not Working,,fe66039b-001,"1","FIXED_PRICE","USD",19.99,,,19.99,"0","","","Jul-11-26 16:25:43 PDT","Aug-11-26 16:25:43 PDT","Mice, Trackballs & Touchpads","23160","","","For parts or not working","","","","","","US","","",""
"327257697688",Mad Catz 47160 Wired Xbox 360 Game Pad Controller For Parts,,70a3ac92-001,"1","FIXED_PRICE","USD",31.61,,,31.61,"0","","","Jul-11-26 16:25:43 PDT","Aug-11-26 16:25:43 PDT","Controllers & Attachments","117042","","","For parts or not working","","","","","","US","","",""
"327257697689",McDonald's 2023 MultiVersus Batman & Shaggy Tin Lot w/ 6-Piece Puzzle,,a36878f9-001,"1","FIXED_PRICE","USD",10.05,,,10.05,"0","","","Jul-11-26 16:25:43 PDT","Aug-11-26 16:25:43 PDT","Fast Food","767","","","Used","","","","","","US","","",""
"327257697691",X-ACTO House of Miniatures 40032 Chippendale Hanging Shelf Kit Sealed,,e9119854-001,"1","FIXED_PRICE","USD",17.23,,,17.23,"0","2","0","Jul-11-26 16:25:43 PDT","Aug-11-26 16:25:43 PDT","Dollhouse Furniture","179309","","","New","","","","","","US","","",""
"327257697692",Blue Leather Clear Rhinestone Wrap Bracelet Silver Tone Boho,,8aca5934-001,"1","FIXED_PRICE","USD",14.99,,,14.99,"0","0","0","Jul-11-26 16:25:43 PDT","Aug-11-26 16:25:43 PDT","Bracelets & Charms","261987","","","Pre-owned","","","","","","US","","",""
"327257697694",Razer Wildcat RZ06-0139 Wired Xbox One Controller For Parts,,f25c044a-001,"1","FIXED_PRICE","USD",16.13,,,16.13,"0","","","Jul-11-26 16:25:43 PDT","Aug-11-26 16:25:43 PDT","Controllers & Attachments","117042","","","For parts or not working","","","","","","US","","",""
"327257697695",PDP Rock Candy 037-010 Blue Wired Xbox 360 Controller For Parts,,2881b31f-001,"1","FIXED_PRICE","USD",15.17,,,15.17,"0","","","Jul-11-26 16:25:43 PDT","Aug-11-26 16:25:43 PDT","Controllers & Attachments","117042","","","For parts or not working","","","","","","US","","",""
"327257697696",PDP Afterglow AX.1 Xbox 360 Wired Controller Clear PL-3602 For Parts,,6481bd88-001,"1","FIXED_PRICE","USD",14.96,,,14.96,"0","0","0","Jul-11-26 16:25:43 PDT","Aug-11-26 16:25:43 PDT","Controllers & Attachments","117042","","","For parts or not working","","","","","","US","","",""
"327257886670",Pigment & Hue Carlsbad Caverns National Park Puzzle A-Round 140pc New Sealed,,a29d4135-001,"1","FIXED_PRICE","USD",16.99,,,16.99,"0","","","Jul-11-26 22:24:23 PDT","Aug-11-26 22:24:23 PDT","Jigsaw","19183","","","New","","","","","","US","","",""
"327257886671",Abacus Cold Case VR The Case of the Fatal Follower Sealed,,df0a44be-001,"1","FIXED_PRICE","USD",24.99,,,24.99,"0","","","Jul-11-26 22:24:23 PDT","Aug-11-26 22:24:23 PDT","Contemporary Manufacture","180349","","","New","","","","","","US","","",""
"327257886673",Wheel of Odds Adult Party Game by What Do You Meme? 300 Cards,,aa0c038e-001,"1","FIXED_PRICE","USD",14.99,,,14.99,"0","","","Jul-11-26 22:24:23 PDT","Aug-11-26 22:24:23 PDT","Contemporary Manufacture","180349","","","Used","","","","","","US","","",""
"327257886674",RMS Snowy Serenity Mystery Jigsaw Puzzle 1000 Piece Sealed 28 x 20.5 in,,7af0a23f-001,"1","FIXED_PRICE","USD",24.99,,,24.99,"0","","","Jul-11-26 22:24:23 PDT","Aug-11-26 22:24:23 PDT","Jigsaw","19183","","","New","","","","","","US","","",""
"327257886675",BestSelf Relationship Deck 150 Prompt Cards Couples Conversation Game Red,,b08e5fba-001,"1","FIXED_PRICE","USD",36.37,,,36.37,"0","","","Jul-11-26 22:24:23 PDT","Aug-11-26 22:24:23 PDT","Other Card Games & Poker","2552","","","Used","","","","","","US","","",""
"327257886677","Mattel Escape Room in a Box: Flashback GGD80 Game, Played Once",,cf9d7d5c-001,"1","FIXED_PRICE","USD",19.99,,,19.99,"0","","","Jul-11-26 22:24:23 PDT","Aug-11-26 22:24:23 PDT","Contemporary Manufacture","180349","","","Used","","","","","","US","","",""
"327257886678",Loaded Questions Greatest Hits 26th Anniversary Edition Complete,,dda9b041-001,"1","FIXED_PRICE","USD",19.99,,,19.99,"0","","","Jul-11-26 22:24:23 PDT","Aug-11-26 22:24:23 PDT","Contemporary Manufacture","180349","","","Used","","","","","","US","","",""
"327257886679",Ceaco Thomas Kinkade Santa's Workshop 1000-Piece Puzzle Sealed,,f4f78408-001,"1","FIXED_PRICE","USD",19.99,,,19.99,"0","1","0","Jul-11-26 22:24:23 PDT","Aug-11-26 22:24:23 PDT","Jigsaw","19183","","","New","","","","","","US","","",""
"327257886681",Ceaco Thomas Kinkade A Christmas Wish 1000-Piece Puzzle Open Box,,406fc787-001,"1","FIXED_PRICE","USD",24.99,,,24.99,"0","1","0","Jul-11-26 22:24:23 PDT","Aug-11-26 22:24:23 PDT","Jigsaw","19183","","","New","","","","","","US","","",""
"327257886682",Hasbro Hot Tub High Dive Game E1919 Used Kids Foam Board Game,,ffe6ad32-001,"1","FIXED_PRICE","USD",24.99,,,24.99,"0","","","Jul-11-26 22:24:23 PDT","Aug-11-26 22:24:23 PDT","Contemporary Manufacture","180349","","","Used","","","","","","US","","",""
"327257886683",Herd Mentality Big Potato Games Party Board Game 4-20 Players Ages 10+,,2dcc427b-001,"1","FIXED_PRICE","USD",24.99,,,24.99,"0","","","Jul-11-26 22:24:23 PDT","Aug-11-26 22:24:23 PDT","Contemporary Manufacture","180349","","","Used","","","","","","US","","",""
"327257886684",Ceaco Turtle's Ocean Paradise 1500-Piece Puzzle Sealed USA 3401-53,,b4f05dac-001,"1","FIXED_PRICE","USD",24.99,,,24.99,"0","","","Jul-11-26 22:24:23 PDT","Aug-11-26 22:24:23 PDT","Jigsaw","19183","","","New","","","","","","US","","",""
"327257886685",Incohearent NSFW Expansion Pack - What Do You Meme? 180 Cards,,773ba675-001,"1","FIXED_PRICE","USD",19.99,,,19.99,"0","","","Jul-11-26 22:24:23 PDT","Aug-11-26 22:24:23 PDT","Contemporary Manufacture","180349","","","Used","","","","","","US","","",""
"327257886687",Five Below Impossible Puzzle Transparent Aesthetic Game 100-Piece Clear,,8b066c8b-001,"1","FIXED_PRICE","USD",19.27,,,19.27,"0","","","Jul-11-26 22:24:23 PDT","Aug-11-26 22:24:23 PDT","Jigsaw","19183","","","Used","","","","","","US","","",""
"327257886688",Professor Puzzle Unclaimed Royal Hotel Mystery Game Sealed ES11752,,7cbed47e-001,"1","FIXED_PRICE","USD",24.99,,,24.99,"0","","","Jul-11-26 22:24:23 PDT","Aug-11-26 22:24:23 PDT","Games","145978","","","New","","","","","","US","","",""
"327257886689",Eurographics Presidents of the United States 300-Piece XL Jigsaw Puzzle,,e3fa7452-001,"1","FIXED_PRICE","USD",24.99,,,24.99,"0","","","Jul-11-26 22:24:23 PDT","Aug-11-26 22:24:23 PDT","Jigsaw","19183","","","Used","","","","","","US","","",""
"327257886690",Genuine Fred Fanfuckintastic Wayne White 1000-Piece Puzzle Open Box,,28bb58f3-001,"1","FIXED_PRICE","USD",24.99,,,24.99,"0","","","Jul-11-26 22:24:23 PDT","Aug-11-26 22:24:23 PDT","Jigsaw","19183","","","Used","","","","","","US","","",""
"327257886691",Guess the Gibberish Family Game by Relatable 400 Cards ICH431,,23f476d9-001,"1","FIXED_PRICE","USD",19.99,,,19.99,"0","","","Jul-11-26 22:24:23 PDT","Aug-11-26 22:24:23 PDT","Contemporary Manufacture","180349","","","Used","","","","","","US","","",""
"327258610708",Vintage Sears Craftsman 39222 10 Ft Locking Tape Measure USA,,9e8152ed-001,"1","FIXED_PRICE","USD",24.99,,,24.99,"0","1","0","Jul-12-26 16:34:42 PDT","Aug-12-26 16:34:42 PDT","Measuring Tapes & Rulers","29524","","","Used","","","","","","US","","",""
"327258610709",Vintage Master Tufboy Brite Blade 306W 6 Ft Tape Measure USA,,e034576c-001,"1","FIXED_PRICE","USD",24.99,,,24.99,"0","","","Jul-12-26 16:34:42 PDT","Aug-12-26 16:34:42 PDT","Measuring Tapes & Rulers","29524","","","Used","","","","","","US","","",""
"327258610711",Vintage Scripto VU-Lighter Pair of Dice Red Band USA D-180401 Untested,,23e4b7f7-001,"1","FIXED_PRICE","USD",34.99,,,34.99,"0","1","0","Jul-12-26 16:34:42 PDT","Aug-12-26 16:34:42 PDT","Scripto","20191","","","Used","","","","","","US","","",""
"327258610712",Hanes Silk Reflections Plus Sheer Control Top Pantyhose One Plus Barely There,,5df9268a-001,"1","FIXED_PRICE","USD",14.09,,,14.09,"0","","","Jul-12-26 16:34:42 PDT","Aug-12-26 16:34:42 PDT","Pantyhose & Tights","11525","","","New with tags","","","","","","US","","",""
"327258610713",Reliable WFC Model FC 1/2in Concealed Fire Sprinkler Wrench Socket 6880170020,,4f5073e0-001,"1","FIXED_PRICE","USD",73.99,,,73.99,"0","","","Jul-12-26 16:34:42 PDT","Aug-12-26 16:34:42 PDT","Wrenches","159702","","","Used","","","","","","US","","",""
"327258610715",Vintage Unbranded Glass Hip Flask Leather-Style Cover Gold-Tone Cap 7.5 in,,c425b473-001,"1","FIXED_PRICE","USD",35.65,,,35.65,"0","1","0","Jul-12-26 16:34:42 PDT","Aug-12-26 16:34:42 PDT","Flasks","13912","","","Used","","","","","","US","","",""
"327258610716",IM Corona Laurel 66-3677 Dragon Scale Pipe Lighter Japan,,0cdf6a26-001,"1","FIXED_PRICE","USD",99.99,,,99.99,"0","3","0","Jul-12-26 16:34:42 PDT","Aug-12-26 16:34:42 PDT","Other Collectible Lighters","595","","","Used","","","","","","US","","",""
"327258610717",Zippo Lighter Brushed Chrome Full Size Plain Case Bradford PA USA,,eecc75d6-001,"1","FIXED_PRICE","USD",24.99,,,24.99,"0","","","Jul-12-26 16:34:42 PDT","Aug-12-26 16:34:42 PDT","Lighters","156518","","","Used","","","","","","US","","",""
"327258610718",Vintage Lufkin W606 Advertising Tape Measure Oberkampf Supply 6 Ft,,e4ef6ab2-001,"1","FIXED_PRICE","USD",20.36,,,20.36,"0","","","Jul-12-26 16:34:42 PDT","Aug-12-26 16:34:42 PDT","Rules, Tapes","104038","","","Used","","","","","","US","","",""
"327258610719",Vintage Hemmi Japan Versalog 1460 10-Inch Slide Rule w/ Leather Case,,083534ac-001,"1","FIXED_PRICE","USD",49.99,,,49.99,"0","2","0","Jul-12-26 16:34:42 PDT","Aug-12-26 16:34:42 PDT","Slide Rules","14018","","","Used","","","","","","US","","",""
"327258610720",Vintage Harley-Davidson Eagle Rollalite-Style Lighter Made in Korea,,6d7cdbe5-001,"1","FIXED_PRICE","USD",29.99,,,29.99,"0","1","0","Jul-12-26 16:34:42 PDT","Aug-12-26 16:34:42 PDT","Lighters","35969","","","Used","","","","","","US","","",""
"327258610722",Levenger Raven Black Fountain Pen Ink 50 mL Bottle w/ Original Box,,c1b5bb6b-001,"1","FIXED_PRICE","USD",36.33,,,36.33,"0","0","0","Jul-12-26 16:34:42 PDT","Aug-12-26 16:34:42 PDT","Ink Refills & Cartridges","165652","","","Used","","","","","","US","","",""
"327260853931",Vintage H.B. Mackrides Masonic Shriners Porcelain Smoking Set Japan 10-Pc,,5269e1ec-001,"1","FIXED_PRICE","USD",54.99,,,54.99,"0","","","Jul-14-26 07:34:32 PDT","Aug-14-26 07:34:32 PDT","Other Freemason Collectibles","518","","","Used","","","","","","US","","",""
"327260853933",Absoluto M.J. Frias 25 Xtra Churchill Empty Wood Cigar Box Dominican,,94474264-001,"1","FIXED_PRICE","USD",9.99,,,9.99,"0","","","Jul-14-26 07:34:32 PDT","Aug-14-26 07:34:32 PDT","Cigar Boxes","11673","","","Used","","","","","","US","","",""
"327260853934",Riedel Bar Vinum Port Wine Glasses Set of 2 Lead Crystal Germany 6416/60,,397b874f-001,"1","FIXED_PRICE","USD",64.99,,,64.99,"0","2","0","Jul-14-26 07:34:32 PDT","Aug-14-26 07:34:32 PDT","Glassware & Drinkware","20696","","","Used","","","","","","US","","",""
"327262895742",Crafter's Square 42pc Steampunk Metallic Puffy Stickers Gears Flowers,,4ea7c0f4-001,"10","FIXED_PRICE","USD",9.15,,,9.15,"0","0","0","Jul-15-26 15:36:09 PDT","Aug-15-26 15:36:09 PDT","Scrapbooking Stickers","34002","","","New","","","","","","US","","",""
"327263120340",Sealed Crafter's Square 7pc Metallic Puffy Stickers Locks Keys Knobs Doors Etc,,4ea7c0f4-001,"10","FIXED_PRICE","USD",9.14,,,9.14,"0","","","Jul-15-26 18:02:14 PDT","Aug-15-26 18:02:14 PDT","Scrapbooking Stickers","34002","","","New","","","","","","US","","",""
"327264182937",Vintage 1966 Maurice Evans Reads A.A. Milne Winnie-The-Pooh LP POS 1032,,96537a17-001,"1","FIXED_PRICE","USD",17.15,,,17.15,"0","","","Jul-16-26 10:17:10 PDT","Aug-16-26 10:17:10 PDT","Vinyl Records","176985","","","Used","","","","","","US","","",""
"327264485056",Bing Crosby Christmas with Bing 1980 Reader's Digest Cassette Tape,,ff8dfe50-001,"1","FIXED_PRICE","USD",14.06,,,14.06,"0","","","Jul-16-26 15:03:54 PDT","Aug-16-26 15:03:54 PDT","Cassettes","176983","","","Good","","","","","","US","","",""
"327264485057",Frank Sinatra A Jolly Christmas Cassette 1985 Capitol 4XL-9240,,c81b1510-001,"1","FIXED_PRICE","USD",7.99,,,7.99,"0","0","0","Jul-16-26 15:03:54 PDT","Aug-16-26 15:03:54 PDT","Cassettes","176983","","","Acceptable","","","","","","US","","",""
"327264485058",Reader's Digest These Were Our Songs Late '40s Tape 2 Cassette Sealed,,b27322d3-001,"1","FIXED_PRICE","USD",9.99,,,9.99,"0","","","Jul-16-26 15:03:54 PDT","Aug-16-26 15:03:54 PDT","Cassettes","176983","","","Good","","","","","","US","","",""
"327264485060",Reba McEntire Merry Christmas to You Cassette 1993 MCA MCAC-42031,,b05b2bfd-001,"1","FIXED_PRICE","USD",7.99,,,7.99,"0","","","Jul-16-26 15:03:54 PDT","Aug-16-26 15:03:54 PDT","Cassettes","176983","","","Acceptable","","","","","","US","","",""
"327264485061",1979 Reader's Digest Christmas Round the Fireside 2-Tape Set Fireside Singers,,ea592c50-001,"1","FIXED_PRICE","USD",29.99,,,29.99,"0","","","Jul-16-26 15:03:54 PDT","Aug-16-26 15:03:54 PDT","Cassettes","176983","","","Acceptable","","","","","","US","","",""
"327264485062",Roy Clark Heart to Heart 1975 ABC/Dot 8-Track Tape 8310-2041 H Untested,,a5846820-001,"1","FIXED_PRICE","USD",12.2,,,12.2,"0","","","Jul-16-26 15:03:54 PDT","Aug-16-26 15:03:54 PDT","Other Formats","618","","","Acceptable","","","","","","US","","",""
"327264485063",Reader's Digest These Were Our Songs Late '40s Cassette Box Set Sealed 1987,,f6ea8406-001,"1","FIXED_PRICE","USD",14.99,,,14.99,"0","","","Jul-16-26 15:03:54 PDT","Aug-16-26 15:03:54 PDT","Cassettes","176983","","","Good","","","","","","US","","",""
"327264485064",Hallmark Listen to the Joy Christmas Cassette Placido Domingo Vienna Boys Choir,,e8337b2d-001,"1","FIXED_PRICE","USD",9.28,,,9.28,"0","","","Jul-16-26 15:03:54 PDT","Aug-16-26 15:03:54 PDT","Cassettes","176983","","","Acceptable","","","","","","US","","",""
"327264485065",Elvis Presley From Elvis in Memphis RCA P8S-1456 8-Track Tape Untested,,aa162b59-001,"1","FIXED_PRICE","USD",9.99,,,9.99,"0","","","Jul-16-26 15:03:54 PDT","Aug-16-26 15:03:54 PDT","Other Formats","618","","","Good","","","","","","US","","",""
"327264485066",Mickey Finn's Music Signed Cassette 1982 GNP Crescendo GNPS-5-2121,,86f2f82c-001,"1","FIXED_PRICE","USD",9.99,,,9.99,"0","0","0","Jul-16-26 15:03:54 PDT","Aug-16-26 15:03:54 PDT","Cassettes","176983","","","Acceptable","","","","","","US","","",""
"327264485067",Julio Iglesias Julio Cassette Tape 1983 Columbia FCT 38640,,b184b0fd-001,"1","FIXED_PRICE","USD",13.43,,,13.43,"0","","","Jul-16-26 15:03:54 PDT","Aug-16-26 15:03:54 PDT","Cassettes","176983","","","Acceptable","","","","","","US","","",""
"327264485069",Tony Booth Lonesome 7-7203 8-Track Tape Capitol 8XT-11126 1972,,dbab601e-001,"1","FIXED_PRICE","USD",9.99,,,9.99,"0","","","Jul-16-26 15:03:54 PDT","Aug-16-26 15:03:54 PDT","Other Formats","618","","","Acceptable","","","","","","US","","",""
"327264485070",Conway Twitty You've Never Been This Far Before/Baby's Gone 8-Track 1973,,889b2806-001,"1","FIXED_PRICE","USD",11.07,,,11.07,"0","","","Jul-16-26 15:03:54 PDT","Aug-16-26 15:03:54 PDT","Other Formats","618","","","Acceptable","","","","","","US","","",""
"327264485071",Waylon Jennings Waylon RCA Victor P8S-1517 8-Track Cartridge 1970 Untested,,d3a20819-001,"1","FIXED_PRICE","USD",9.99,,,9.99,"0","1","0","Jul-16-26 15:03:54 PDT","Aug-16-26 15:03:54 PDT","Other Formats","618","","","Good","","","","","","US","","",""
"327264485072",NERF N-Strike Elite StratoBow B5574 Bow Blaster No Darts,,3a20893c-001,"1","FIXED_PRICE","USD",29.99,,,29.99,"0","1","0","Jul-16-26 15:03:54 PDT","Aug-16-26 15:03:54 PDT","Dart Guns & Soft Darts","158749","","","Used","","","","","","US","","",""
"327264485073",Freddy Fender Before the Next Teardrop Falls 8-Track ABC Dot 8310-2020 H,,aadf34cc-001,"1","FIXED_PRICE","USD",8.48,,,8.48,"0","","","Jul-16-26 15:03:54 PDT","Aug-16-26 15:03:54 PDT","Other Formats","618","","","Good","","","","","","US","","",""
"327264485074",Hallmark Songs for the Holidays Cassette 1987 Hofmann Sasson London Symphony,,6d2faaed-001,"1","FIXED_PRICE","USD",9.99,,,9.99,"0","","","Jul-16-26 15:03:54 PDT","Aug-16-26 15:03:54 PDT","Cassettes","176983","","","Acceptable","","","","","","US","","",""
"327264485075",Jim Stafford Signed Live Cassette,,634f7beb-001,"1","FIXED_PRICE","USD",14.99,,,14.99,"0","","","Jul-16-26 15:03:54 PDT","Aug-16-26 15:03:54 PDT","Cassettes","176983","","","Acceptable","","","","","","US","","",""
"327264485076",Nerf Doomlands 2169 Double Dealer Blaster B5367 w/ 2 Clips No Darts,,4e0ee5ea-001,"1","FIXED_PRICE","USD",29.99,,,29.99,"0","","","Jul-16-26 15:03:54 PDT","Aug-16-26 15:03:54 PDT","Dart Guns & Soft Darts","158749","","","Used","","","","","","US","","",""
"327264485079",Bob Wills & Tommy Duncan The Best Of 8-Track Tape Liberty LTR 8945 1969,,fe7bce62-001,"1","FIXED_PRICE","USD",9.99,,,9.99,"0","0","0","Jul-16-26 15:03:54 PDT","Aug-16-26 15:03:54 PDT","Other Formats","618","","","Good","","","","","","US","","",""
"327264485080",Statler Brothers Entertainers On & Off the Record 1978 8-Track MC8-1-5007,,439c153f-001,"1","FIXED_PRICE","USD",7.99,,,7.99,"0","","","Jul-16-26 15:03:54 PDT","Aug-16-26 15:03:54 PDT","Other Formats","618","","","Acceptable","","","","","","US","","",""
"327264485081",Anne Murray The Season Will Never Grow Old 1993 Hallmark Christmas Cassette,,8b213bf2-001,"1","FIXED_PRICE","USD",9.05,,,9.05,"0","","","Jul-16-26 15:03:54 PDT","Aug-16-26 15:03:54 PDT","Cassettes","176983","","","Acceptable","","","","","","US","","",""
"327264485082",Garth Brooks Beyond the Season Cassette Tape 1992 Liberty C4-98742 Christmas,,9f18d6ec-001,"1","FIXED_PRICE","USD",9.29,,,9.29,"0","","","Jul-16-26 15:03:54 PDT","Aug-16-26 15:03:54 PDT","Cassettes","176983","","","Good","","","","","","US","","",""
"327264485083",Lot of 8 Adjustable E12 Candelabra Lamp Sockets 125V 75W w/ Covers,,e5784ab2-001,"1","FIXED_PRICE","USD",22.99,,,22.99,"0","1","0","Jul-16-26 15:03:54 PDT","Aug-16-26 15:03:54 PDT","Lighting Parts","20705","","","For parts or not working","","","","","","US","","",""
"327264485084",Reader's Digest These Were Our Songs The Early '40s Cassette Tape 2 1985,,ce593d51-001,"1","FIXED_PRICE","USD",17.59,,,17.59,"0","","","Jul-16-26 15:03:54 PDT","Aug-16-26 15:03:54 PDT","Cassettes","176983","","","Acceptable","","","","","","US","","",""
"327264485085",Frank Sinatra The Capitol Years Tape 3 Cassette C4-94320 Capitol 1990,,d734978e-001,"1","FIXED_PRICE","USD",12.2,,,12.2,"0","","","Jul-16-26 15:03:54 PDT","Aug-16-26 15:03:54 PDT","Cassettes","176983","","","Acceptable","","","","","","US","","",""
"327264485086",Jim Croce You Don't Mess Around With Jim J-Mar 8-Track 4032 Untested,,57133e1d-001,"1","FIXED_PRICE","USD",9.99,,,9.99,"0","","","Jul-16-26 15:03:54 PDT","Aug-16-26 15:03:54 PDT","Other Formats","618","","","Good","","","","","","US","","",""
"327264485087",Charlie Rich Behind Closed Doors 1973 Epic EA 32247 8-Track Tape Untested,,c46f29e3-001,"1","FIXED_PRICE","USD",12.65,,,12.65,"0","","","Jul-16-26 15:03:54 PDT","Aug-16-26 15:03:54 PDT","Other Formats","618","","","Acceptable","","","","","","US","","",""
"327264485088",Jim Croce Photographs & Memories Greatest Hits 8-Track Tape ABC 835 H 1974,,c2a561be-001,"1","FIXED_PRICE","USD",13.99,,,13.99,"0","","","Jul-16-26 15:03:54 PDT","Aug-16-26 15:03:54 PDT","Other Formats","618","","","Acceptable","","","","","","US","","",""
"327264485090",ZURU X-Shot Excel Vigilante Pump Foam Dart Blaster White Blue No Darts,,f9efcb45-001,"1","FIXED_PRICE","USD",29.99,,,29.99,"0","1","0","Jul-16-26 15:03:54 PDT","Aug-16-26 15:03:54 PDT","Dart Guns & Soft Darts","158749","","","Used","","","","","","US","","",""
"327264485091",Volunteer Jam III & IV Charlie Daniels Band Epic 8-Track Tape E2A 35368,,8c17fa8e-001,"1","FIXED_PRICE","USD",19.99,,,19.99,"0","","","Jul-16-26 15:03:54 PDT","Aug-16-26 15:03:54 PDT","Other Formats","618","","","Good","","","","","","US","","",""
"327264485092",Frank Sinatra The Capitol Years Program One Cassette C4-94318 1990,,922d1259-001,"1","FIXED_PRICE","USD",9.99,,,9.99,"0","","","Jul-16-26 15:03:54 PDT","Aug-16-26 15:03:54 PDT","Cassettes","176983","","","Good","","","","","","US","","",""
"327264485093",Lynn Anderson's Greatest Hits Columbia CA 31641 8-Track Tape 1972 Untested,,80110056-001,"1","FIXED_PRICE","USD",9.99,,,9.99,"0","","","Jul-16-26 15:03:54 PDT","Aug-16-26 15:03:54 PDT","Other Formats","618","","","Good","","","","","","US","","",""
"327264485094",Vintage Cassette Storage,,8b758832-001,"1","FIXED_PRICE","USD",29.99,,,29.99,"0","","","Jul-16-26 15:03:54 PDT","Aug-16-26 15:03:54 PDT","Desk & Drawer Organizers","25339","","","For parts or not working","","","","","","US","","",""
"327264485096",Roger Whittaker's Greatest Hits Cassette RCA AYK1-4743 Made in USA,,f9d5ba2b-001,"1","FIXED_PRICE","USD",8.46,,,8.46,"0","","","Jul-16-26 15:03:54 PDT","Aug-16-26 15:03:54 PDT","Cassettes","176983","","","Acceptable","","","","","","US","","",""
"327264485097",Merle Haggard Okie From Muskogee 8-Track Capitol 8XT-384 Untested,,dc1c6ba5-001,"1","FIXED_PRICE","USD",10.31,,,10.31,"0","","","Jul-16-26 15:03:54 PDT","Aug-16-26 15:03:54 PDT","Other Formats","618","","","Acceptable","","","","","","US","","",""
"327264485099",Frank Sinatra The Best of the Capitol Years Cassette 1992 C4-94319 Untested,,44a59fcd-001,"1","FIXED_PRICE","USD",11.3,,,11.3,"0","","","Jul-16-26 15:03:54 PDT","Aug-16-26 15:03:54 PDT","Cassettes","176983","","","Good","","","","","","US","","",""
"327264485100",1975 La Costa With All My Love 8-Track Tape Capitol 8XT-11391 Untested,,cc9018c7-001,"1","FIXED_PRICE","USD",14.99,,,14.99,"0","","","Jul-16-26 15:03:54 PDT","Aug-16-26 15:03:54 PDT","Other Formats","618","","","Acceptable","","","","","","US","","",""
"327264485102",Cristy Lane Is the Name 1978 LS Records 8-Track Tape 8341-8027 H,,8f22ef1f-001,"1","FIXED_PRICE","USD",10.36,,,10.36,"0","","","Jul-16-26 15:03:54 PDT","Aug-16-26 15:03:54 PDT","Other Formats","618","","","Acceptable","","","","","","US","","",""
"327264485103",Chuck Berry The London Chuck Berry Sessions 8-Track Tape 1972 Chess GRT,,815752e7-001,"1","FIXED_PRICE","USD",11.3,,,11.3,"0","","","Jul-16-26 15:03:54 PDT","Aug-16-26 15:03:54 PDT","Other Formats","618","","","Good","","","","","","US","","",""
"327264485104",Music Box Sound of Christmas Porter Twin Disc Cassette Tape 18 Songs,,4c327fb1-001,"1","FIXED_PRICE","USD",11.55,,,11.55,"0","","","Jul-16-26 15:03:54 PDT","Aug-16-26 15:03:54 PDT","Cassettes","176983","","","Acceptable","","","","","","US","","",""
"327264485105",Sing Along Family Christmas 1993 Cassette DLA Music FC101 Songbook,,2e98681d-001,"1","FIXED_PRICE","USD",18.78,,,18.78,"0","","","Jul-16-26 15:03:54 PDT","Aug-16-26 15:03:54 PDT","Cassettes","176983","","","Acceptable","","","","","","US","","",""
"327264485106",Mel Tillis Beyond the Sunset 1993 Gospel Country 2-Cassette Set RR-007-CASS,,d6edcb09-001,"1","FIXED_PRICE","USD",12.31,,,12.31,"0","","","Jul-16-26 15:03:54 PDT","Aug-16-26 15:03:54 PDT","Cassettes","176983","","","Acceptable","","","","","","US","","",""
"327264485107",Eddy Arnold The World of Eddy Arnold RCA APS1-0239 8-Track Tape 1973,,2dfde9dc-001,"1","FIXED_PRICE","USD",9.99,,,9.99,"0","","","Jul-16-26 15:03:54 PDT","Aug-16-26 15:03:54 PDT","Other Formats","618","","","Acceptable","","","","","","US","","",""
"327264485110",1973 Globe 8 Life & Times Jim Croce Tribute Soundalike 8-Track Untested,,05795222-001,"1","FIXED_PRICE","USD",9.99,,,9.99,"0","","","Jul-16-26 15:03:54 PDT","Aug-16-26 15:03:54 PDT","Other Formats","618","","","Acceptable","","","","","","US","","",""
"327264485111",Ray Price I Won't Mention It Again For Good Times 8-Track Untested,,07a81dd2-001,"1","FIXED_PRICE","USD",9.99,,,9.99,"0","","","Jul-16-26 15:03:54 PDT","Aug-16-26 15:03:54 PDT","Other Formats","618","","","Good","","","","","","US","","",""
"327264485112",Andy Williams Greatest Hits Reader's Digest 1985 Cassette Tape,,b3ce937a-001,"1","FIXED_PRICE","USD",27.66,,,27.66,"0","","","Jul-16-26 15:03:54 PDT","Aug-16-26 15:03:54 PDT","Cassettes","176983","","","Good","","","","","","US","","",""
"327264485113",Charley Pride Songs of Pride Charley That Is RCA P8S-1373 8-Track Tape,,3456d974-001,"1","FIXED_PRICE","USD",13.96,,,13.96,"0","","","Jul-16-26 15:03:54 PDT","Aug-16-26 15:03:54 PDT","Other Formats","618","","","Good","","","","","","US","","",""
"327264485115",Mannheim Steamroller Christmas in the Aire Cassette 1995 AG-1995-4,,4824021d-001,"1","FIXED_PRICE","USD",9.83,,,9.83,"0","","","Jul-16-26 15:03:54 PDT","Aug-16-26 15:03:54 PDT","Cassettes","176983","","","Acceptable","","","","","","US","","",""
"327264485116",Jeff Foxworthy You Might Be a Redneck If Cassette 1993 Warner Bros 4-45314,,3bbecf5c-001,"1","FIXED_PRICE","USD",11.18,,,11.18,"0","","","Jul-16-26 15:03:54 PDT","Aug-16-26 15:03:54 PDT","Cassettes","176983","","","Good","","","","","","US","","",""
"327264485117",Willie Nelson Best of Willie Nelson 8-Track UA-EA 086G 1973 Untested,,561802f9-001,"1","FIXED_PRICE","USD",18.5,,,18.5,"0","","","Jul-16-26 15:03:54 PDT","Aug-16-26 15:03:54 PDT","Other Formats","618","","","Acceptable","","","","","","US","","",""
"327264485118",La Costa Lovin' Somebody 8-Track Cartridge Capitol 8XT-11569 1976 Untested,,348d198f-001,"1","FIXED_PRICE","USD",10.15,,,10.15,"0","","","Jul-16-26 15:03:54 PDT","Aug-16-26 15:03:54 PDT","Other Formats","618","","","Acceptable","","","","","","US","","",""
"327264485119",Mel Tillis & The Statesiders Best Of 8-Track Tape MGM 8T-1-5021 1976,,5eddbde3-001,"1","FIXED_PRICE","USD",8.6,,,8.6,"0","","","Jul-16-26 15:03:54 PDT","Aug-16-26 15:03:54 PDT","Other Formats","618","","","Acceptable","","","","","","US","","",""
"327264485121",Neil Diamond Tap Root Manuscript 8-Track Tape Track Stereo 200 Untested,,6b61ab6d-001,"1","FIXED_PRICE","USD",9.41,,,9.41,"0","","","Jul-16-26 15:03:54 PDT","Aug-16-26 15:03:54 PDT","Other Formats","618","","","Good","","","","","","US","","",""
"327264485122",Elton John Candle in the Wind 1997 Cassette Single Rocket Damaged Package,,2eb10b02-001,"1","FIXED_PRICE","USD",9.5,,,9.5,"0","","","Jul-16-26 15:03:54 PDT","Aug-16-26 15:03:54 PDT","Cassettes","176983","","","Good","","","","","","US","","",""
"327264485123",Floyd Cramer Class of '74 & '75 Pikes Peak Tape Stereo 8-Track Cartridge,,32a879bf-001,"1","FIXED_PRICE","USD",16.69,,,16.69,"0","","","Jul-16-26 15:03:54 PDT","Aug-16-26 15:03:54 PDT","Other Formats","618","","","Good","","","","","","US","","",""
"327264485124",Glenn Miller The Unforgettable Cassette Tape 1 Reader's Digest 1986,,0488ac64-001,"1","FIXED_PRICE","USD",16.69,,,16.69,"0","","","Jul-16-26 15:03:54 PDT","Aug-16-26 15:03:54 PDT","Cassettes","176983","","","Acceptable","","","","","","US","","",""
"327264485127",The Best Little Whorehouse in Texas 1982 Soundtrack Cassette MCA MCAC-6112,,31553c28-001,"1","FIXED_PRICE","USD",8.77,,,8.77,"0","","","Jul-16-26 15:03:54 PDT","Aug-16-26 15:03:54 PDT","Cassettes","176983","","","Acceptable","","","","","","US","","",""
"327264485129",Donna Fargo All About A Feeling 1973 Dot Stereo 8-Track Tape 8150-26019,,0c6370e3-001,"1","FIXED_PRICE","USD",12.99,,,12.99,"0","","","Jul-16-26 15:03:54 PDT","Aug-16-26 15:03:54 PDT","Other Formats","618","","","Good","","","","","","US","","",""
"327264485130",Lot of 8 Vintage LUXUS-205 E12 Candelabra Lamp Sockets 125V 75W + Covers,,1fc89874-001,"1","FIXED_PRICE","USD",24.99,,,24.99,"0","1","0","Jul-16-26 15:03:54 PDT","Aug-16-26 15:03:54 PDT","Lighting Parts","1407","","","Used","","","","","","US","","",""
"327267362624",Vintage Burgundy Crackle-Finish Wooden Trinket Box Brass Trim Feet,,7d5f5c65-001,"1","FIXED_PRICE","USD",34.99,,,34.99,"0","","","Jul-18-26 12:12:55 PDT","Aug-18-26 12:12:55 PDT","Tins","35662","","","Used","","","","","","US","","",""
"327267362626","Eppendorf epT.I.P.S. 200 µL Pipette Tips 2-Pack, 960 Tips",,598fd9e6-001,"1","FIXED_PRICE","USD",39.99,,,39.99,"0","","","Jul-18-26 12:12:55 PDT","Aug-18-26 12:12:55 PDT","Microscopes & Lab Equipment","163037","","","","","","","","","US","","",""
"327267362627",Professor Puzzle Jigsaw A Month 12-in-1 Set 12 x 500 Pieces Used,,126036e0-001,"1","FIXED_PRICE","USD",19.99,,,19.99,"0","","","Jul-18-26 12:12:56 PDT","Aug-18-26 12:12:56 PDT","Jigsaw","19183","","","Used","","","","","","US","","",""
"327267362628",Ceaco Thomas Kinkade A Christmas Wish Lionel 1000 Piece Puzzle w/ Poster,,b4c4a19b-001,"1","FIXED_PRICE","USD",24.99,,,24.99,"0","","","Jul-18-26 12:12:56 PDT","Aug-18-26 12:12:56 PDT","Jigsaw","19183","","","Used","","","","","","US","","",""
"327267362629","1996 Fleer Baseball Cards Binder Lot - Cubs, Braves, Red Sox & More",,3b4b21be-001,"1","FIXED_PRICE","USD",9.99,,,9.99,"0","","","Jul-18-26 12:12:56 PDT","Aug-18-26 12:12:56 PDT","Baseball-MLB","24410","","","Used","","","","","","US","","",""
"327267558730",Archie Comics Digests Choose Your Issue 2006-2016 Betty Veronica Jughead,Book=Archie's Funhouse Double Digest #5 (2014) Double Dipper;Archie Jumbo Comics Digest #266 April 2016 75th Anniversary;Betty & Veronica Jumbo Comics Digest #238 Christmas 2015;Archie Double Digest #245 December 2013 Christmas Issue;Archie Double Digest #235 Jan 2013 Pat the Brat Christmas Issue;Archie Double Digest #246 Christmas Issue 2013;Archie's Holiday Fun Digest Magazine No. 11 (2006);Archie Winter Annual Digest #265 (2015) Comic Book;World of Archie Double Digest #39 Archie Comics 2014 She's Josie;World of Archie Double Digest #36 Archie Comics 2011 Josie Cover;B&V Friends Comics Double Digest #242 Archie Library 2015;Jughead and Archie Winter Annual #18 2016 Archie Comics Digest;Betty & Veronica Comics Annual #240 Archie 75 Years 2016 Digest;Betty & Veronica Comics Double Digest #243 Archie 2016;Betty & Veronica Double Digest #174 Archie Comics 2009;Archie's Double Digest #267 2016 Archie 75 Years Comics;Archie Comics Annual Vegas! The Archie Library #268;Betty & Veronica Comics Double Digest #232 Archie Library 2015;Archie B&V Friends Easter Annual #247 Comic Book 2016;Archie Comics Double Digest #262 (August 2015);Archie's Pals 'n' Gals Double Digest Magazine #99 (2006);Jughead and Archie Comics Double Digest #19 Archie Library;Archie Jumbo Comics Digest #255 (2014);Archie's Double Digest #203 Archie Goodbye Forever 4 of 4 (2009);Archie's Double Digest #202 2009 Goodbye Forever Part 3;Archie's Double Digest #201 2009 Goodbye Forever Part 2;Archie's Double Digest #201 (2009) Goodbye Forever Part 2 of 4;Archie's Double Digest #200 Goodbye Forever Part 1 (2009);B&V Friends Jumbo Comics Digest #245 Collector's Edition 2015;Archie's Funhouse Double Digest #18 75th Anniversary (2016);Jughead and Archie Spring Annual Digest #20 (2016) Archie Comics;Betty & Veronica Double Digest #155 Halloween Edition 2007;Jughead's Double Digest #146 Archie Comics February 2009;Archie & Friends Double Digest #21 (2012) Christmas Issue;World of Archie Jumbo Digest #46 Signed Parent & Smith (2014);World of Archie Christmas Annual #53 Archie Library Digest 2015;World of Archie Jumbo Comics Digest #55 Archie Library 2015;Betty & Veronica Halloween Annual #237 Archie Library Comic;Archie's Funhouse Double Digest #2 (2014) Archie Library;Archie's Funhouse Double Digest #4 (2014) Archie Comic Book;B&V Friends Comics Double Digest #243 Archie Library 2015;World of Archie Comics Double Digest #52 Halloween 2015,0e9cbcb6-c8d4-4caf-b3a0-2ad0e1feac9c,"41","FIXED_PRICE","USD",33.91,,,33.91,"0","1","0","Jul-18-26 16:17:00 PDT","Aug-18-26 16:17:00 PDT","Comics & Graphic Novels","259104","","","Good","","","","","","US","Does not apply","",""
"327267558730",Archie Comics Digests Choose Your Issue 2006-2016 Betty Veronica Jughead,Book=World of Archie Comics Double Digest #52 Halloween 2015,0e9cbcb6-042,"1","FIXED_PRICE","USD",36.11,,,,"0",,,"Jul-18-26 16:17:00 PDT","Aug-18-26 16:17:00 PDT","Comics & Graphic Novels","259104","","","Good",,,,,"","US","Does not apply","",""
"327267558730",Archie Comics Digests Choose Your Issue 2006-2016 Betty Veronica Jughead,Book=Archie Jumbo Comics Digest #266 April 2016 75th Anniversary,0e9cbcb6-002,"1","FIXED_PRICE","USD",33.91,,,,"0",,,"Jul-18-26 16:17:00 PDT","Aug-18-26 16:17:00 PDT","Comics & Graphic Novels","259104","","","Good",,,,,"","US","Does not apply","",""
"327267558730",Archie Comics Digests Choose Your Issue 2006-2016 Betty Veronica Jughead,Book=Betty & Veronica Jumbo Comics Digest #238 Christmas 2015,0e9cbcb6-003,"1","FIXED_PRICE","USD",36.11,,,,"0",,,"Jul-18-26 16:17:00 PDT","Aug-18-26 16:17:00 PDT","Comics & Graphic Novels","259104","","","Good",,,,,"","US","Does not apply","",""
"327267558730",Archie Comics Digests Choose Your Issue 2006-2016 Betty Veronica Jughead,Book=Archie Double Digest #245 December 2013 Christmas Issue,0e9cbcb6-004,"1","FIXED_PRICE","USD",36.11,,,,"0",,,"Jul-18-26 16:17:00 PDT","Aug-18-26 16:17:00 PDT","Comics & Graphic Novels","259104","","","Good",,,,,"","US","Does not apply","",""
"327267558730",Archie Comics Digests Choose Your Issue 2006-2016 Betty Veronica Jughead,Book=Archie Double Digest #235 Jan 2013 Pat the Brat Christmas Issue,0e9cbcb6-005,"1","FIXED_PRICE","USD",33.91,,,,"0",,,"Jul-18-26 16:17:00 PDT","Aug-18-26 16:17:00 PDT","Comics & Graphic Novels","259104","","","Good",,,,,"","US","Does not apply","",""
"327267558730",Archie Comics Digests Choose Your Issue 2006-2016 Betty Veronica Jughead,Book=Archie Double Digest #246 Christmas Issue 2013,0e9cbcb6-006,"1","FIXED_PRICE","USD",33.91,,,,"0",,,"Jul-18-26 16:17:00 PDT","Aug-18-26 16:17:00 PDT","Comics & Graphic Novels","259104","","","Good",,,,,"","US","Does not apply","",""
"327267558730",Archie Comics Digests Choose Your Issue 2006-2016 Betty Veronica Jughead,Book=Archie's Holiday Fun Digest Magazine No. 11 (2006),0e9cbcb6-007,"1","FIXED_PRICE","USD",36.11,,,,"0",,,"Jul-18-26 16:17:00 PDT","Aug-18-26 16:17:00 PDT","Comics & Graphic Novels","259104","","","Good",,,,,"","US","Does not apply","",""
"327267558730",Archie Comics Digests Choose Your Issue 2006-2016 Betty Veronica Jughead,Book=Archie Winter Annual Digest #265 (2015) Comic Book,0e9cbcb6-008,"1","FIXED_PRICE","USD",33.91,,,,"0",,,"Jul-18-26 16:17:00 PDT","Aug-18-26 16:17:00 PDT","Comics & Graphic Novels","259104","","","Good",,,,,"","US","Does not apply","",""
"327267558730",Archie Comics Digests Choose Your Issue 2006-2016 Betty Veronica Jughead,Book=World of Archie Double Digest #39 Archie Comics 2014 She's Josie,0e9cbcb6-009,"1","FIXED_PRICE","USD",36.11,,,,"0",,,"Jul-18-26 16:17:00 PDT","Aug-18-26 16:17:00 PDT","Comics & Graphic Novels","259104","","","Good",,,,,"","US","Does not apply","",""
"327267558730",Archie Comics Digests Choose Your Issue 2006-2016 Betty Veronica Jughead,Book=World of Archie Double Digest #36 Archie Comics 2011 Josie Cover,0e9cbcb6-010,"1","FIXED_PRICE","USD",36.11,,,,"0",,,"Jul-18-26 16:17:00 PDT","Aug-18-26 16:17:00 PDT","Comics & Graphic Novels","259104","","","Good",,,,,"","US","Does not apply","",""
"327267558730",Archie Comics Digests Choose Your Issue 2006-2016 Betty Veronica Jughead,Book=B&V Friends Comics Double Digest #242 Archie Library 2015,0e9cbcb6-011,"1","FIXED_PRICE","USD",36.11,,,,"0",,,"Jul-18-26 16:17:00 PDT","Aug-18-26 16:17:00 PDT","Comics & Graphic Novels","259104","","","Good",,,,,"","US","Does not apply","",""
"327267558730",Archie Comics Digests Choose Your Issue 2006-2016 Betty Veronica Jughead,Book=Jughead and Archie Winter Annual #18 2016 Archie Comics Digest,0e9cbcb6-012,"1","FIXED_PRICE","USD",36.11,,,,"0",,,"Jul-18-26 16:17:00 PDT","Aug-18-26 16:17:00 PDT","Comics & Graphic Novels","259104","","","Good",,,,,"","US","Does not apply","",""
"327267558730",Archie Comics Digests Choose Your Issue 2006-2016 Betty Veronica Jughead,Book=Betty & Veronica Comics Annual #240 Archie 75 Years 2016 Digest,0e9cbcb6-013,"1","FIXED_PRICE","USD",36.11,,,,"0",,,"Jul-18-26 16:17:00 PDT","Aug-18-26 16:17:00 PDT","Comics & Graphic Novels","259104","","","Good",,,,,"","US","Does not apply","",""
"327267558730",Archie Comics Digests Choose Your Issue 2006-2016 Betty Veronica Jughead,Book=Betty & Veronica Comics Double Digest #243 Archie 2016,0e9cbcb6-014,"1","FIXED_PRICE","USD",36.11,,,,"0",,,"Jul-18-26 16:17:00 PDT","Aug-18-26 16:17:00 PDT","Comics & Graphic Novels","259104","","","Good",,,,,"","US","Does not apply","",""
"327267558730",Archie Comics Digests Choose Your Issue 2006-2016 Betty Veronica Jughead,Book=Betty & Veronica Double Digest #174 Archie Comics 2009,0e9cbcb6-015,"1","FIXED_PRICE","USD",36.11,,,,"0",,,"Jul-18-26 16:17:00 PDT","Aug-18-26 16:17:00 PDT","Comics & Graphic Novels","259104","","","Good",,,,,"","US","Does not apply","",""
"327267558730",Archie Comics Digests Choose Your Issue 2006-2016 Betty Veronica Jughead,Book=Archie's Double Digest #267 2016 Archie 75 Years Comics,0e9cbcb6-016,"1","FIXED_PRICE","USD",36.11,,,,"0",,,"Jul-18-26 16:17:00 PDT","Aug-18-26 16:17:00 PDT","Comics & Graphic Novels","259104","","","Good",,,,,"","US","Does not apply","",""
"327267558730",Archie Comics Digests Choose Your Issue 2006-2016 Betty Veronica Jughead,Book=Archie Comics Annual Vegas! The Archie Library #268,0e9cbcb6-017,"1","FIXED_PRICE","USD",36.11,,,,"0",,,"Jul-18-26 16:17:00 PDT","Aug-18-26 16:17:00 PDT","Comics & Graphic Novels","259104","","","Good",,,,,"","US","Does not apply","",""
"327267558730",Archie Comics Digests Choose Your Issue 2006-2016 Betty Veronica Jughead,Book=Betty & Veronica Comics Double Digest #232 Archie Library 2015,0e9cbcb6-018,"1","FIXED_PRICE","USD",36.11,,,,"0",,,"Jul-18-26 16:17:00 PDT","Aug-18-26 16:17:00 PDT","Comics & Graphic Novels","259104","","","Good",,,,,"","US","Does not apply","",""
"327267558730",Archie Comics Digests Choose Your Issue 2006-2016 Betty Veronica Jughead,Book=Archie B&V Friends Easter Annual #247 Comic Book 2016,0e9cbcb6-019,"1","FIXED_PRICE","USD",33.91,,,,"0",,,"Jul-18-26 16:17:00 PDT","Aug-18-26 16:17:00 PDT","Comics & Graphic Novels","259104","","","Good",,,,,"","US","Does not apply","",""
"327267558730",Archie Comics Digests Choose Your Issue 2006-2016 Betty Veronica Jughead,Book=Archie Comics Double Digest #262 (August 2015),0e9cbcb6-020,"1","FIXED_PRICE","USD",36.11,,,,"0",,,"Jul-18-26 16:17:00 PDT","Aug-18-26 16:17:00 PDT","Comics & Graphic Novels","259104","","","Good",,,,,"","US","Does not apply","",""
"327267558730",Archie Comics Digests Choose Your Issue 2006-2016 Betty Veronica Jughead,Book=Archie's Pals 'n' Gals Double Digest Magazine #99 (2006),0e9cbcb6-021,"1","FIXED_PRICE","USD",36.11,,,,"0",,,"Jul-18-26 16:17:00 PDT","Aug-18-26 16:17:00 PDT","Comics & Graphic Novels","259104","","","Good",,,,,"","US","Does not apply","",""
"327267558730",Archie Comics Digests Choose Your Issue 2006-2016 Betty Veronica Jughead,Book=Jughead and Archie Comics Double Digest #19 Archie Library,0e9cbcb6-022,"1","FIXED_PRICE","USD",36.11,,,,"0",,,"Jul-18-26 16:17:00 PDT","Aug-18-26 16:17:00 PDT","Comics & Graphic Novels","259104","","","Good",,,,,"","US","Does not apply","",""
"327267558730",Archie Comics Digests Choose Your Issue 2006-2016 Betty Veronica Jughead,Book=Archie Jumbo Comics Digest #255 (2014),0e9cbcb6-023,"1","FIXED_PRICE","USD",36.11,,,,"0",,,"Jul-18-26 16:17:00 PDT","Aug-18-26 16:17:00 PDT","Comics & Graphic Novels","259104","","","Good",,,,,"","US","Does not apply","",""
"327267558730",Archie Comics Digests Choose Your Issue 2006-2016 Betty Veronica Jughead,Book=Archie's Double Digest #203 Archie Goodbye Forever 4 of 4 (2009),0e9cbcb6-024,"1","FIXED_PRICE","USD",36.11,,,,"0",,,"Jul-18-26 16:17:00 PDT","Aug-18-26 16:17:00 PDT","Comics & Graphic Novels","259104","","","Good",,,,,"","US","Does not apply","",""
"327267558730",Archie Comics Digests Choose Your Issue 2006-2016 Betty Veronica Jughead,Book=Archie's Double Digest #202 2009 Goodbye Forever Part 3,0e9cbcb6-025,"1","FIXED_PRICE","USD",36.11,,,,"0",,,"Jul-18-26 16:17:00 PDT","Aug-18-26 16:17:00 PDT","Comics & Graphic Novels","259104","","","Good",,,,,"","US","Does not apply","",""
"327267558730",Archie Comics Digests Choose Your Issue 2006-2016 Betty Veronica Jughead,Book=Archie's Double Digest #201 2009 Goodbye Forever Part 2,0e9cbcb6-026,"1","FIXED_PRICE","USD",36.11,,,,"0",,,"Jul-18-26 16:17:00 PDT","Aug-18-26 16:17:00 PDT","Comics & Graphic Novels","259104","","","Good",,,,,"","US","Does not apply","",""
"327267558730",Archie Comics Digests Choose Your Issue 2006-2016 Betty Veronica Jughead,Book=Archie's Double Digest #200 Goodbye Forever Part 1 (2009),0e9cbcb6-028,"1","FIXED_PRICE","USD",36.11,,,,"0",,,"Jul-18-26 16:17:00 PDT","Aug-18-26 16:17:00 PDT","Comics & Graphic Novels","259104","","","Good",,,,,"","US","Does not apply","",""
"327267558730",Archie Comics Digests Choose Your Issue 2006-2016 Betty Veronica Jughead,Book=B&V Friends Jumbo Comics Digest #245 Collector's Edition 2015,0e9cbcb6-029,"1","FIXED_PRICE","USD",36.11,,,,"0",,,"Jul-18-26 16:17:00 PDT","Aug-18-26 16:17:00 PDT","Comics & Graphic Novels","259104","","","Good",,,,,"","US","Does not apply","",""
"327267558730",Archie Comics Digests Choose Your Issue 2006-2016 Betty Veronica Jughead,Book=Archie's Funhouse Double Digest #18 75th Anniversary (2016),0e9cbcb6-030,"1","FIXED_PRICE","USD",36.11,,,,"0",,,"Jul-18-26 16:17:00 PDT","Aug-18-26 16:17:00 PDT","Comics & Graphic Novels","259104","","","Good",,,,,"","US","Does not apply","",""
"327267558730",Archie Comics Digests Choose Your Issue 2006-2016 Betty Veronica Jughead,Book=Jughead and Archie Spring Annual Digest #20 (2016) Archie Comics,0e9cbcb6-031,"1","FIXED_PRICE","USD",36.11,,,,"0",,,"Jul-18-26 16:17:00 PDT","Aug-18-26 16:17:00 PDT","Comics & Graphic Novels","259104","","","Good",,,,,"","US","Does not apply","",""
"327267558730",Archie Comics Digests Choose Your Issue 2006-2016 Betty Veronica Jughead,Book=Betty & Veronica Double Digest #155 Halloween Edition 2007,0e9cbcb6-032,"1","FIXED_PRICE","USD",36.11,,,,"0",,,"Jul-18-26 16:17:00 PDT","Aug-18-26 16:17:00 PDT","Comics & Graphic Novels","259104","","","Good",,,,,"","US","Does not apply","",""
"327267558730",Archie Comics Digests Choose Your Issue 2006-2016 Betty Veronica Jughead,Book=Jughead's Double Digest #146 Archie Comics February 2009,0e9cbcb6-033,"1","FIXED_PRICE","USD",33.91,,,,"0",,,"Jul-18-26 16:17:00 PDT","Aug-18-26 16:17:00 PDT","Comics & Graphic Novels","259104","","","Good",,,,,"","US","Does not apply","",""
"327267558730",Archie Comics Digests Choose Your Issue 2006-2016 Betty Veronica Jughead,Book=Archie & Friends Double Digest #21 (2012) Christmas Issue,0e9cbcb6-034,"1","FIXED_PRICE","USD",36.11,,,,"0",,,"Jul-18-26 16:17:00 PDT","Aug-18-26 16:17:00 PDT","Comics & Graphic Novels","259104","","","Good",,,,,"","US","Does not apply","",""
"327267558730",Archie Comics Digests Choose Your Issue 2006-2016 Betty Veronica Jughead,Book=World of Archie Jumbo Digest #46 Signed Parent & Smith (2014),0e9cbcb6-035,"1","FIXED_PRICE","USD",36.11,,,,"0",,,"Jul-18-26 16:17:00 PDT","Aug-18-26 16:17:00 PDT","Comics & Graphic Novels","259104","","","Good",,,,,"","US","Does not apply","",""
"327267558730",Archie Comics Digests Choose Your Issue 2006-2016 Betty Veronica Jughead,Book=World of Archie Christmas Annual #53 Archie Library Digest 2015,0e9cbcb6-036,"1","FIXED_PRICE","USD",36.11,,,,"0",,,"Jul-18-26 16:17:00 PDT","Aug-18-26 16:17:00 PDT","Comics & Graphic Novels","259104","","","Good",,,,,"","US","Does not apply","",""
"327267558730",Archie Comics Digests Choose Your Issue 2006-2016 Betty Veronica Jughead,Book=World of Archie Jumbo Comics Digest #55 Archie Library 2015,0e9cbcb6-037,"1","FIXED_PRICE","USD",36.11,,,,"0",,,"Jul-18-26 16:17:00 PDT","Aug-18-26 16:17:00 PDT","Comics & Graphic Novels","259104","","","Good",,,,,"","US","Does not apply","",""
"327267558730",Archie Comics Digests Choose Your Issue 2006-2016 Betty Veronica Jughead,Book=Betty & Veronica Halloween Annual #237 Archie Library Comic,0e9cbcb6-038,"1","FIXED_PRICE","USD",36.11,,,,"0",,,"Jul-18-26 16:17:00 PDT","Aug-18-26 16:17:00 PDT","Comics & Graphic Novels","259104","","","Good",,,,,"","US","Does not apply","",""
"327267558730",Archie Comics Digests Choose Your Issue 2006-2016 Betty Veronica Jughead,Book=Archie's Funhouse Double Digest #2 (2014) Archie Library,0e9cbcb6-039,"1","FIXED_PRICE","USD",33.91,,,,"0",,,"Jul-18-26 16:17:00 PDT","Aug-18-26 16:17:00 PDT","Comics & Graphic Novels","259104","","","Good",,,,,"","US","Does not apply","",""
"327267558730",Archie Comics Digests Choose Your Issue 2006-2016 Betty Veronica Jughead,Book=Archie's Funhouse Double Digest #4 (2014) Archie Comic Book,0e9cbcb6-040,"1","FIXED_PRICE","USD",36.11,,,,"0",,,"Jul-18-26 16:17:00 PDT","Aug-18-26 16:17:00 PDT","Comics & Graphic Novels","259104","","","Good",,,,,"","US","Does not apply","",""
"327267558730",Archie Comics Digests Choose Your Issue 2006-2016 Betty Veronica Jughead,Book=B&V Friends Comics Double Digest #243 Archie Library 2015,0e9cbcb6-041,"1","FIXED_PRICE","USD",33.91,,,,"0",,,"Jul-18-26 16:17:00 PDT","Aug-18-26 16:17:00 PDT","Comics & Graphic Novels","259104","","","Good",,,,,"","US","Does not apply","",""
"327267558730",Archie Comics Digests Choose Your Issue 2006-2016 Betty Veronica Jughead,Book=Archie's Funhouse Double Digest #5 (2014) Double Dipper,0e9cbcb6-001,"1","FIXED_PRICE","USD",33.91,,,,"0",,,"Jul-18-26 16:17:00 PDT","Aug-18-26 16:17:00 PDT","Comics & Graphic Novels","259104","","","Good",,,,,"","US","Does not apply","",""
"327267711353",Vintage 1970s Jack Daniel's Old No. 7 Coon Hunter Poker Set Tin Incomplete,,f3481542-001,"1","FIXED_PRICE","USD",29.99,,,29.99,"0","","","Jul-18-26 18:40:12 PDT","Aug-18-26 18:40:12 PDT","Jack Daniel’s","822","","","Used","","","","","","US","","",""
"327267711355","Antique J Olivier ""Fencing Familiarized"" Engravings Framed Prints Choose Plate",Plate=1780 J. Olivier Fencing Copper Engraving Plate VI Roberts Jenkins;J Olivier Fencing Familiarized Plate IX Framed Engraving c1771;Vintage Framed Jean Olivier Fencing Print Plate XIV Roberts Jenki;Antique c.1780 Fencing Engraving Gardes pour l'Assaut Plate XII F;Antique c.1770 Fencing Copper Engraving Plate XI Roberts Jenkins;Mr. Olivier Fencing Engraving Plate VII Small Sword Framed,7d414850-3654-4bfc-9a9d-c2979d539135,"2","FIXED_PRICE","USD",69.0,,,69.0,"4","3","0","Jul-18-26 18:40:13 PDT","Aug-18-26 18:40:13 PDT","Art Prints","360","","","Used","","","","","","US","Does not apply","",""
"327267711355","Antique J Olivier ""Fencing Familiarized"" Engravings Framed Prints Choose Plate",Plate=1780 J. Olivier Fencing Copper Engraving Plate VI Roberts Jenkins,7d414850-001,"1","FIXED_PRICE","USD",69.0,,,,"0",,,"Jul-18-26 18:40:13 PDT","Aug-18-26 18:40:13 PDT","Art Prints","360","","","Used",,,,,"","US","Does not apply","",""
"327267711355","Antique J Olivier ""Fencing Familiarized"" Engravings Framed Prints Choose Plate",Plate=J Olivier Fencing Familiarized Plate IX Framed Engraving c1771,7d414850-002,"0","FIXED_PRICE","USD",69.0,,,,"1",,,"Jul-18-26 18:40:13 PDT","Aug-18-26 18:40:13 PDT","Art Prints","360","","","Used",,,,,"","US","Does not apply","",""
"327267711355","Antique J Olivier ""Fencing Familiarized"" Engravings Framed Prints Choose Plate",Plate=Vintage Framed Jean Olivier Fencing Print Plate XIV Roberts Jenki,7d414850-003,"0","FIXED_PRICE","USD",69.0,,,,"1",,,"Jul-18-26 18:40:13 PDT","Aug-18-26 18:40:13 PDT","Art Prints","360","","","Used",,,,,"","US","Does not apply","",""
"327267711355","Antique J Olivier ""Fencing Familiarized"" Engravings Framed Prints Choose Plate",Plate=Antique c.1780 Fencing Engraving Gardes pour l'Assaut Plate XII F,7d414850-004,"1","FIXED_PRICE","USD",69.0,,,,"0",,,"Jul-18-26 18:40:13 PDT","Aug-18-26 18:40:13 PDT","Art Prints","360","","","Used",,,,,"","US","Does not apply","",""
"327267711355","Antique J Olivier ""Fencing Familiarized"" Engravings Framed Prints Choose Plate",Plate=Antique c.1770 Fencing Copper Engraving Plate XI Roberts Jenkins,7d414850-005,"0","FIXED_PRICE","USD",69.0,,,,"1",,,"Jul-18-26 18:40:13 PDT","Aug-18-26 18:40:13 PDT","Art Prints","360","","","Used",,,,,"","US","Does not apply","",""
"327267711355","Antique J Olivier ""Fencing Familiarized"" Engravings Framed Prints Choose Plate",Plate=Mr. Olivier Fencing Engraving Plate VII Small Sword Framed,7d414850-006,"0","FIXED_PRICE","USD",69.0,,,,"1",,,"Jul-18-26 18:40:13 PDT","Aug-18-26 18:40:13 PDT","Art Prints","360","","","Used",,,,,"","US","Does not apply","",""
"327267748433",Toy Figures Vehicles & Collectibles Choose Your Item Disney LEGO Fisher-Price,Toy=LEGO DUPLO 47394pb272 Male Firefighter Figure White Helmet 2019;1993 McDonald's Batman Robin Pull-Back Motorcycle Toy;Fisher-Price Little People Wheelies Batman Blue Batmobile;Fisher-Price Little People Wheelies Superman Red Car;Fisher-Price Little People Michael School Boy Backpack 2002;Fisher-Price Little People Rapunzel & Pascal Parade Float;Disney Moana Maui 4 in PVC Figurine with Fish Hook Staff;Monogram Disney Moana PVC Figural Coin Bank Paddle 8.5 in;Famosa Caillou 6.5 in Plastic Squeak Toy Figure PBS Kids;Fisher-Price Little People Mail Carrier Ethan DRL16 Figure;LEGO DUPLO Female Firefighter Figure 47394pb273 2019;Disney Frozen 2 Water Nokk Translucent Blue Horse Figure 6 in;1998 Fisher-Price Great Adventures Robin Hood Bow Sword;Posable Preschool Building Brick Groom Brown Hair Glasses;Crawling Baby Doll Blue Eyes Gray Romper Ink Markings;Disney Frozen II Anna PVC Figure 3.5 in Purple Cape Black Dress;Unmarked Animated Martial Arts Figure Green Uniform with Base,48579d37-2eee-431c-8027-fc6738de93e5,"17","FIXED_PRICE","USD",38.9,,,38.9,"0","","","Jul-18-26 19:29:25 PDT","Aug-18-26 19:29:25 PDT","Action Figures","261068","","","Used","","","","","","US","Does not apply","",""
"327267748433",Toy Figures Vehicles & Collectibles Choose Your Item Disney LEGO Fisher-Price,Toy=LEGO DUPLO 47394pb272 Male Firefighter Figure White Helmet 2019,48579d37-001,"1","FIXED_PRICE","USD",38.9,,,,"0",,,"Jul-18-26 19:29:25 PDT","Aug-18-26 19:29:25 PDT","Action Figures","261068","","","Used",,,,,"","US","Does not apply","",""
"327267748433",Toy Figures Vehicles & Collectibles Choose Your Item Disney LEGO Fisher-Price,Toy=1993 McDonald's Batman Robin Pull-Back Motorcycle Toy,48579d37-002,"1","FIXED_PRICE","USD",38.9,,,,"0",,,"Jul-18-26 19:29:25 PDT","Aug-18-26 19:29:25 PDT","Action Figures","261068","","","Used",,,,,"","US","Does not apply","",""
"327267748433",Toy Figures Vehicles & Collectibles Choose Your Item Disney LEGO Fisher-Price,Toy=Fisher-Price Little People Wheelies Batman Blue Batmobile,48579d37-003,"1","FIXED_PRICE","USD",38.9,,,,"0",,,"Jul-18-26 19:29:25 PDT","Aug-18-26 19:29:25 PDT","Action Figures","261068","","","Used",,,,,"","US","Does not apply","",""
"327267748433",Toy Figures Vehicles & Collectibles Choose Your Item Disney LEGO Fisher-Price,Toy=Fisher-Price Little People Wheelies Superman Red Car,48579d37-004,"1","FIXED_PRICE","USD",38.9,,,,"0",,,"Jul-18-26 19:29:25 PDT","Aug-18-26 19:29:25 PDT","Action Figures","261068","","","Used",,,,,"","US","Does not apply","",""
"327267748433",Toy Figures Vehicles & Collectibles Choose Your Item Disney LEGO Fisher-Price,Toy=Fisher-Price Little People Michael School Boy Backpack 2002,48579d37-005,"1","FIXED_PRICE","USD",38.9,,,,"0",,,"Jul-18-26 19:29:25 PDT","Aug-18-26 19:29:25 PDT","Action Figures","261068","","","Used",,,,,"","US","Does not apply","",""
"327267748433",Toy Figures Vehicles & Collectibles Choose Your Item Disney LEGO Fisher-Price,Toy=Fisher-Price Little People Rapunzel & Pascal Parade Float,48579d37-006,"1","FIXED_PRICE","USD",38.9,,,,"0",,,"Jul-18-26 19:29:25 PDT","Aug-18-26 19:29:25 PDT","Action Figures","261068","","","Used",,,,,"","US","Does not apply","",""
"327267748433",Toy Figures Vehicles & Collectibles Choose Your Item Disney LEGO Fisher-Price,Toy=Disney Moana Maui 4 in PVC Figurine with Fish Hook Staff,48579d37-007,"1","FIXED_PRICE","USD",38.9,,,,"0",,,"Jul-18-26 19:29:25 PDT","Aug-18-26 19:29:25 PDT","Action Figures","261068","","","Used",,,,,"","US","Does not apply","",""
"327267748433",Toy Figures Vehicles & Collectibles Choose Your Item Disney LEGO Fisher-Price,Toy=Monogram Disney Moana PVC Figural Coin Bank Paddle 8.5 in,48579d37-008,"1","FIXED_PRICE","USD",48.6,,,,"0",,,"Jul-18-26 19:29:25 PDT","Aug-18-26 19:29:25 PDT","Action Figures","261068","","","Used",,,,,"","US","Does not apply","",""
"327267748433",Toy Figures Vehicles & Collectibles Choose Your Item Disney LEGO Fisher-Price,Toy=Famosa Caillou 6.5 in Plastic Squeak Toy Figure PBS Kids,48579d37-009,"1","FIXED_PRICE","USD",38.9,,,,"0",,,"Jul-18-26 19:29:25 PDT","Aug-18-26 19:29:25 PDT","Action Figures","261068","","","Used",,,,,"","US","Does not apply","",""
"327267748433",Toy Figures Vehicles & Collectibles Choose Your Item Disney LEGO Fisher-Price,Toy=Fisher-Price Little People Mail Carrier Ethan DRL16 Figure,48579d37-010,"1","FIXED_PRICE","USD",38.9,,,,"0",,,"Jul-18-26 19:29:25 PDT","Aug-18-26 19:29:25 PDT","Action Figures","261068","","","Used",,,,,"","US","Does not apply","",""
"327267748433",Toy Figures Vehicles & Collectibles Choose Your Item Disney LEGO Fisher-Price,Toy=LEGO DUPLO Female Firefighter Figure 47394pb273 2019,48579d37-011,"1","FIXED_PRICE","USD",38.9,,,,"0",,,"Jul-18-26 19:29:25 PDT","Aug-18-26 19:29:25 PDT","Action Figures","261068","","","Used",,,,,"","US","Does not apply","",""
"327267748433",Toy Figures Vehicles & Collectibles Choose Your Item Disney LEGO Fisher-Price,Toy=Disney Frozen 2 Water Nokk Translucent Blue Horse Figure 6 in,48579d37-012,"1","FIXED_PRICE","USD",44.35,,,,"0",,,"Jul-18-26 19:29:25 PDT","Aug-18-26 19:29:25 PDT","Action Figures","261068","","","Used",,,,,"","US","Does not apply","",""
"327267748433",Toy Figures Vehicles & Collectibles Choose Your Item Disney LEGO Fisher-Price,Toy=1998 Fisher-Price Great Adventures Robin Hood Bow Sword,48579d37-013,"1","FIXED_PRICE","USD",38.9,,,,"0",,,"Jul-18-26 19:29:25 PDT","Aug-18-26 19:29:25 PDT","Action Figures","261068","","","Used",,,,,"","US","Does not apply","",""
"327267748433",Toy Figures Vehicles & Collectibles Choose Your Item Disney LEGO Fisher-Price,Toy=Posable Preschool Building Brick Groom Brown Hair Glasses,48579d37-014,"1","FIXED_PRICE","USD",38.9,,,,"0",,,"Jul-18-26 19:29:25 PDT","Aug-18-26 19:29:25 PDT","Action Figures","261068","","","Used",,,,,"","US","Does not apply","",""
"327267748433",Toy Figures Vehicles & Collectibles Choose Your Item Disney LEGO Fisher-Price,Toy=Crawling Baby Doll Blue Eyes Gray Romper Ink Markings,48579d37-015,"1","FIXED_PRICE","USD",44.35,,,,"0",,,"Jul-18-26 19:29:25 PDT","Aug-18-26 19:29:25 PDT","Action Figures","261068","","","Used",,,,,"","US","Does not apply","",""
"327267748433",Toy Figures Vehicles & Collectibles Choose Your Item Disney LEGO Fisher-Price,Toy=Disney Frozen II Anna PVC Figure 3.5 in Purple Cape Black Dress,48579d37-016,"1","FIXED_PRICE","USD",38.9,,,,"0",,,"Jul-18-26 19:29:25 PDT","Aug-18-26 19:29:25 PDT","Action Figures","261068","","","Used",,,,,"","US","Does not apply","",""
"327267748433",Toy Figures Vehicles & Collectibles Choose Your Item Disney LEGO Fisher-Price,Toy=Unmarked Animated Martial Arts Figure Green Uniform with Base,48579d37-017,"1","FIXED_PRICE","USD",44.35,,,,"0",,,"Jul-18-26 19:29:25 PDT","Aug-18-26 19:29:25 PDT","Action Figures","261068","","","Used",,,,,"","US","Does not apply","",""
"327267827715",Disney Cars 2 or Race O Rama Tow Mater 1:55 Scale Race Team Diecast,,a128bf8d-001,"1","FIXED_PRICE","USD",10.49,,,10.49,"0","","","Jul-18-26 20:28:28 PDT","Aug-18-26 20:28:28 PDT","Contemporary Manufacture","180506","","","Used","","","","","","US","","",""
"327267827716",Toysmith Sky Shark 3.5 in Diecast Pull-Back Propeller Toy Plane Black,,812560fb-001,"1","FIXED_PRICE","USD",10.41,,,10.41,"0","","","Jul-18-26 20:28:28 PDT","Aug-18-26 20:28:28 PDT","Contemporary Manufacture","19029","","","Used","","","","","","US","","",""
"327267827717",Vintage Honda #25 Plastic Toy Motorcycle Blue White Hong Kong,,fc59a0ca-001,"1","FIXED_PRICE","USD",12.99,,,12.99,"0","2","0","Jul-18-26 20:28:28 PDT","Aug-18-26 20:28:28 PDT","Vintage Manufacture","742","","","Used","","","","","","US","","",""
"327267875605",1996 Galoob Star Wars Action Fleet Jawa Sandcrawler,,31564978-001,"1","FIXED_PRICE","USD",24.99,,,24.99,"0","1","0","Jul-18-26 21:28:56 PDT","Aug-18-26 21:28:56 PDT","Collections & Lots","73252","","","Used","","","","","","US","","",""
"327267875606",Vintage Unbranded Porsche 928 Red 1:64 Diecast Toy Car China Base,,69fbbcfc-001,"1","FIXED_PRICE","USD",12.99,,,12.99,"0","","","Jul-18-26 21:28:56 PDT","Aug-18-26 21:28:56 PDT","Vintage Manufacture","180507","","","Used","","","","","","US","","",""
"327267875607",2002 Hot Wheels Hyperliner #014 Yellow 1:64 First Editions Removable Body,,401ba19d-001,"1","FIXED_PRICE","USD",11.18,,,11.18,"0","","","Jul-18-26 21:28:56 PDT","Aug-18-26 21:28:56 PDT","Contemporary Manufacture","180506","","","Used","","","","","","US","","",""
"327267875609",Hot Wheels 2000 Virtual Collection Lakester 1:64 Missing Body Shell,,94e7f671-001,"1","FIXED_PRICE","USD",12.99,,,12.99,"0","","","Jul-18-26 21:28:56 PDT","Aug-18-26 21:28:56 PDT","Contemporary Manufacture","180506","","","Used","","","","","","US","","",""
"327267875610",ERTL 1991 Thomas & Friends Harold & Med Flight Helicopters Lot of 2,,1439d9a7-001,"1","FIXED_PRICE","USD",31.78,,,31.78,"0","","","Jul-18-26 21:28:56 PDT","Aug-18-26 21:28:56 PDT","Contemporary Manufacture","19029","","","Used","","","","","","US","","",""
"327267875612",Hot Wheels 2005 Surfin' School Bus #096 Red Lines Red 1:64 Loose,,955a9995-001,"1","FIXED_PRICE","USD",11.39,,,11.39,"0","","","Jul-18-26 21:28:56 PDT","Aug-18-26 21:28:56 PDT","Contemporary Manufacture","180506","","","Used","","","","","","US","","",""
"327267875613",2000 Maisto Tonka Collection 2 Diecast Bulldozer Dozer 1:64 Yellow Loose,,c4a57a9d-001,"1","FIXED_PRICE","USD",12.99,,,12.99,"0","1","0","Jul-18-26 21:28:56 PDT","Aug-18-26 21:28:56 PDT","Contemporary Manufacture","152934","","","Used","","","","","","US","","",""
"327267875614",2002 Matchbox MB492 Road Roller Green Build 'n Bash Diecast,,b9c88002-001,"1","FIXED_PRICE","USD",12.99,,,12.99,"0","","","Jul-18-26 21:28:56 PDT","Aug-18-26 21:28:56 PDT","Contemporary Manufacture","152934","","","Used","","","","","","US","","",""
"327267875615",2001 Hot Wheels #236 Submarine Fathom This Orange Gray Loose Malaysia,,ed5c4c52-001,"1","FIXED_PRICE","USD",12.99,,,12.99,"0","","","Jul-18-26 21:28:56 PDT","Aug-18-26 21:28:56 PDT","Contemporary Manufacture","180506","","","Used","","","","","","US","","",""
"327268456016",Vintage Realistic Weatheradio Alert 12-140 Box Manual Powers On AS-IS,,79d6c4d8-001,"1","FIXED_PRICE","USD",14.99,,,14.99,"0","1","0","Jul-19-26 07:29:19 PDT","Aug-19-26 07:29:19 PDT","Vintage Radios","50595","","","For parts or not working","","","","","","US","","",""
"327268456019",2001 Hot Wheels Hyper Mite First Editions #029 Green 1:64 Loose,,a5403784-001,"1","FIXED_PRICE","USD",8.7,,,8.7,"0","1","0","Jul-19-26 07:29:19 PDT","Aug-19-26 07:29:19 PDT","Contemporary Manufacture","180506","","","Used","","","","","","US","","",""
"327268456020","Vintage Ira Green Bear Forces of America USMC Marine Dress Blues 10""",,eb118667-001,"1","FIXED_PRICE","USD",29.99,,,29.99,"0","","","Jul-19-26 07:29:19 PDT","Aug-19-26 07:29:19 PDT","Bears","262345","","","Used","","","","","","US","","",""
"327268456021",Unbranded Yellow Plastic Pickup Truck Toy Made in China,,a95c0245-001,"1","FIXED_PRICE","USD",12.99,,,12.99,"0","1","0","Jul-19-26 07:29:19 PDT","Aug-19-26 07:29:19 PDT","Contemporary Manufacture","180506","","","Used","","","","","","US","","",""
"327268456022",Matchbox Volkswagen Concept 1 1:61 Red Glitter Diecast Car Loose Used,,a618f36b-001,"1","FIXED_PRICE","USD",9.03,,,9.03,"0","","","Jul-19-26 07:29:19 PDT","Aug-19-26 07:29:19 PDT","Contemporary Manufacture","180506","","","Used","","","","","","US","","",""
"327268456023",2001 Hot Wheels Arachnorod #137 Black Spider Diecast Car Loose,,e40e4e5c-001,"1","FIXED_PRICE","USD",7.99,,,7.99,"0","","","Jul-19-26 07:29:19 PDT","Aug-19-26 07:29:19 PDT","Contemporary Manufacture","180506","","","Used","","","","","","US","","",""
"327268456024",Maisto Pointman 1:64 Diecast Futuristic Car Blue Red Loose 2000s,,baba57a5-001,"1","FIXED_PRICE","USD",11.18,,,11.18,"0","","","Jul-19-26 07:29:19 PDT","Aug-19-26 07:29:19 PDT","Contemporary Manufacture","180506","","","Used","","","","","","US","","",""
"327268456025",2001 Hot Wheels Super Modified #183 Orange 1:64 Diecast Race Car Loose,,c2080973-001,"1","FIXED_PRICE","USD",7.99,,,7.99,"0","","","Jul-19-26 07:29:19 PDT","Aug-19-26 07:29:19 PDT","Other Diecast Racing Cars","45354","","","Used","","","","","","US","","",""
"327268456026",2001 Hot Wheels Solar Eagle III #170 Orange Cal State LA Loose Diecast,,99df74a1-001,"1","FIXED_PRICE","USD",9.14,,,9.14,"0","","","Jul-19-26 07:29:19 PDT","Aug-19-26 07:29:19 PDT","Contemporary Manufacture","180506","","","Used","","","","","","US","","",""
"327268456027",Boston-Opoly Board Game Late for the Sky Boston Edition New Sealed,,801118d9-001,"1","FIXED_PRICE","USD",19.99,,,19.99,"0","","","Jul-19-26 07:29:19 PDT","Aug-19-26 07:29:19 PDT","Contemporary Manufacture","180349","","","Used","","","","","","US","","",""
"327268456028","Vivitar S'mores Divided Serving Tray Blue Speckled 12"" 3 Compartments",,7f00c7ad-001,"1","FIXED_PRICE","USD",14.99,,,14.99,"0","","","Jul-19-26 07:29:19 PDT","Aug-19-26 07:29:19 PDT","Trays","45505","","","Used","","","","","","US","","",""
"327268456029",Hot Wheels Krazy 8s Lime Green Purple 1:64 Diecast Loose Malaysia,,d7db931c-001,"1","FIXED_PRICE","USD",12.99,,,12.99,"0","","","Jul-19-26 07:29:19 PDT","Aug-19-26 07:29:19 PDT","Contemporary Manufacture","180506","","","Used","","","","","","US","","",""
"327268456031",2001 Hot Wheels Greased Lightnin' #131 Pearl Orange Casey Erin Racing Loose,,bf189ac7-001,"1","FIXED_PRICE","USD",7.99,,,7.99,"0","","","Jul-19-26 07:29:19 PDT","Aug-19-26 07:29:19 PDT","Contemporary Manufacture","180506","","","Used","","","","","","US","","",""
"327268456033",Hershey's 10409H Ceramic S'mores Maker Set 4 Trays Missing Forks,,c851b14a-001,"1","FIXED_PRICE","USD",34.99,,,34.99,"0","","","Jul-19-26 07:29:19 PDT","Aug-19-26 07:29:19 PDT","Other Small Kitchen Appliances","20685","","","Open box","","","","","","US","","",""
"327268456034",2002 Matchbox MB493 Build N Bash Bulldozer Yellow Red Blade #42 Loose,,a8537755-001,"1","FIXED_PRICE","USD",12.99,,,12.99,"0","","","Jul-19-26 07:29:19 PDT","Aug-19-26 07:29:19 PDT","Contemporary Manufacture","152934","","","Used","","","","","","US","","",""
"327268456035",Vintage 1974 Hot Wheels Redline Volkswagen Orange Bug Tampo Hong Kong,,88c08d71-001,"1","FIXED_PRICE","USD",49.99,,,49.99,"0","2","0","Jul-19-26 07:29:19 PDT","Aug-19-26 07:29:19 PDT","Vintage Manufacture","180507","","","Used","","","","","","US","","",""
"327268456036",Vintage 1994 Hot Wheels Car Lift Tow Truck WT 12 Blue 1:64 Loose,,7309948f-001,"1","FIXED_PRICE","USD",11.66,,,11.66,"0","","","Jul-19-26 07:29:19 PDT","Aug-19-26 07:29:19 PDT","Vintage Manufacture","180507","","","Used","","","","","","US","","",""
"327268456037",2004 Matchbox Burger King #1 Green Fire Engine Diecast Kids Meal Toy,,0d3dcabd-001,"1","FIXED_PRICE","USD",10.49,,,10.49,"0","","","Jul-19-26 07:29:19 PDT","Aug-19-26 07:29:19 PDT","Fast Food","767","","","Used","","","","","","US","","",""
"327268456038",2003 Hot Wheels Sharkruiser #131 White Gold 1:64 Diecast Car Loose,,78bd77ac-001,"1","FIXED_PRICE","USD",10.05,,,10.05,"0","","","Jul-19-26 07:29:19 PDT","Aug-19-26 07:29:19 PDT","Contemporary Manufacture","180506","","","Used","","","","","","US","","",""
"327268456039",2003 Matchbox Hero City Super Dozer #67 Yellow MB493 Loose Used,,da95986d-001,"1","FIXED_PRICE","USD",12.99,,,12.99,"0","","","Jul-19-26 07:29:19 PDT","Aug-19-26 07:29:19 PDT","Contemporary Manufacture","152934","","","Used","","","","","","US","","",""
"327268456040",Maisto Tractor Shovel Green 1:64 Diecast Toy Missing Loader,,35d70a3e-001,"1","FIXED_PRICE","USD",12.99,,,12.99,"0","","","Jul-19-26 07:29:19 PDT","Aug-19-26 07:29:19 PDT","Contemporary Manufacture","152934","","","Used","","","","","","US","","",""
"327268456041",2000 Hot Wheels Whatta Drag #213 Orange 1:64 Diecast Car Loose Malaysia,,df8c2512-001,"1","FIXED_PRICE","USD",11.85,,,11.85,"0","","","Jul-19-26 07:29:19 PDT","Aug-19-26 07:29:19 PDT","Contemporary Manufacture","180506","","","Used","","","","","","US","","",""
"327268456042",2000 Hot Wheels Dogfighter #222 Silver Orange Flames Loose 1:64 Diecast,,a93f5586-001,"1","FIXED_PRICE","USD",12.99,,,12.99,"0","","","Jul-19-26 07:29:19 PDT","Aug-19-26 07:29:19 PDT","Contemporary Manufacture","180506","","","Used","","","","","","US","","",""
"327268456043",2002 Maisto Kraniator Gold Skull Green Flames 1:64 Diecast Car Loose,,cfe79679-001,"1","FIXED_PRICE","USD",12.99,,,12.99,"0","1","0","Jul-19-26 07:29:19 PDT","Aug-19-26 07:29:19 PDT","Contemporary Manufacture","180506","","","Used","","","","","","US","","",""
"327268456045",Vintage 1995 Aynsley My First Tea Party Barbie Bone China Vase 6in England,,67f9b88e-001,"1","FIXED_PRICE","USD",62.73,,,62.73,"0","","","Jul-19-26 07:29:19 PDT","Aug-19-26 07:29:19 PDT","Vases","262408","","","Used","","","","","","US","","",""
"327268456048",1999 Matchbox Snow Groomer MB419 #57 Hilltop Resort Orange 1:75 Loose,,6a46d6f3-001,"1","FIXED_PRICE","USD",12.99,,,12.99,"0","","","Jul-19-26 07:29:19 PDT","Aug-19-26 07:29:19 PDT","Vintage Manufacture","180534","","","Used","","","","","","US","","",""
"327268456050",Hot Wheels Tee'd Off 2000 Secret Code #047 Black Golf Cart Incomplete,,212a88d0-001,"1","FIXED_PRICE","USD",12.99,,,12.99,"0","","","Jul-19-26 07:29:19 PDT","Aug-19-26 07:29:19 PDT","Contemporary Manufacture","180506","","","Used","","","","","","US","","",""
"327268456051",Vintage Galoob Micro Machines Trail Hound Bus Silver Red Blue Loose,,22beb393-001,"1","FIXED_PRICE","USD",17.34,,,17.34,"0","0","0","Jul-19-26 07:29:19 PDT","Aug-19-26 07:29:19 PDT","Contemporary Manufacture","180506","","","Used","","","","","","US","","",""
"327268456052",2000 Matchbox MB408 Red Seaplane 1:90 Folding Wings EB32 Diecast,,022488a8-001,"1","FIXED_PRICE","USD",12.99,,,12.99,"0","2","0","Jul-19-26 07:29:19 PDT","Aug-19-26 07:29:19 PDT","Contemporary Manufacture","19029","","","Used","","","","","","US","","",""
"327268456053","FAO Schwarz 15"" Adopt A Wild Pal Snow Leopard Plush Stuffed Animal",,a8619aa8-001,"1","FIXED_PRICE","USD",17.47,,,17.47,"0","","","Jul-19-26 07:29:19 PDT","Aug-19-26 07:29:19 PDT","FAO Schwarz","95266","","","Used","","","","","","US","","",""
"327268456054",Vintage Zee Toys Mini Macks P379 Front Loader Diecast Yellow Incomplete,,26dbbb28-001,"1","FIXED_PRICE","USD",12.99,,,12.99,"0","","","Jul-19-26 07:29:19 PDT","Aug-19-26 07:29:19 PDT","Vintage Manufacture","740","","","Used","","","","","","US","","",""
"327268456056",Vintage 1998 Mattel Super Rescue Toy Vehicle White Yellow Loose,,0326764c-001,"1","FIXED_PRICE","USD",12.99,,,12.99,"0","","","Jul-19-26 07:29:19 PDT","Aug-19-26 07:29:19 PDT","Vintage Manufacture","180507","","","Used","","","","","","US","","",""
"327268456057",2002 Hot Wheels Altered State #018 Purple First Editions 6/42 Loose,,4049e39d-001,"1","FIXED_PRICE","USD",14.09,,,14.09,"0","","","Jul-19-26 07:29:19 PDT","Aug-19-26 07:29:19 PDT","Contemporary Manufacture","180506","","","Used","","","","","","US","","",""
"327268456058",1986 Matchbox Specials SP14 Porsche 959 Michelin 1:38 Diecast Car Black,,61887cfa-001,"1","FIXED_PRICE","USD",12.99,,,12.99,"0","","","Jul-19-26 07:29:19 PDT","Aug-19-26 07:29:19 PDT","Vintage Manufacture","180507","","","Used","","","","","","US","","",""
"327268456059",Hot Wheels 2002 Chaparral 2 Wasp Yellow Insectiride 5-Pack Loose,,06856ab4-001,"1","FIXED_PRICE","USD",11.27,,,11.27,"0","","","Jul-19-26 07:29:19 PDT","Aug-19-26 07:29:19 PDT","Contemporary Manufacture","180506","","","Used","","","","","","US","","",""
"327268456060",Maisto Sand Slogger Orange 1:64 Diecast Trike Motorcycle Loose Toy,,6818b026-001,"1","FIXED_PRICE","USD",12.99,,,12.99,"0","","","Jul-19-26 07:29:19 PDT","Aug-19-26 07:29:19 PDT","Contemporary Manufacture","45348","","","Used","","","","","","US","","",""
"327268456061",Heart2Heart Wings M Roch Military Art Prints 11x9 Foam Board Lot of 12,,0890b266-001,"1","FIXED_PRICE","USD",64.99,,,64.99,"0","","","Jul-19-26 07:29:19 PDT","Aug-19-26 07:29:19 PDT","Art Prints","360","","","Used","","","","","","US","","",""
"327268456062",2002 Matchbox McDonald's Across America Washington Ambulance Happy Meal Toy,,115f4cfa-001,"1","FIXED_PRICE","USD",12.57,,,12.57,"0","","","Jul-19-26 07:29:19 PDT","Aug-19-26 07:29:19 PDT","Fast Food","767","","","Used","","","","","","US","","",""
"327268456065",2003 Hot Wheels First Editions Chaparral 2D #021 White 1:64 Loose,,08234579-001,"1","FIXED_PRICE","USD",9.6,,,9.6,"0","","","Jul-19-26 07:29:19 PDT","Aug-19-26 07:29:19 PDT","Contemporary Manufacture","180506","","","Used","","","","","","US","","",""
"327268456066",Toy Figures Vehicles Plush Choose Your Item Disney Hasbro McDonald's LEGO,"Toy=2020 McDonald's Trolls World Tour Party Poppy & Tiny Diamond Toy;Hasbro Sesame Street Waving Elmo 2.75-Inch PVC Figure Toy;2018 McDonald's Peanuts Secret Agent Snoopy #6 Happy Meal Clip To;Vintage Bullyland Disney Mickey Mouse Chef 3"" PVC Figure Germany;PlanToys Wooden Toy Truck Black Cab Natural Wood Incomplete Parts;Fisher-Price Disney Mickey Mouse Clubhouse Police Officer Figure;Hasbro Littlest Pet Shop Gray Dog Figure Teal Hair Blue Bone Acce;Kid Stuff Marketing Fishy Fun Purple Puffer Fish Wind-Up Toy;McDonald's 2019 Avengers Endgame Team Suit Rocket #11 Happy Meal;PAW Patrol Mission PAW Rubble Pup Pack Action Figure Spin Master;PAW Patrol Mighty Pups Super PAWs Marshall #03 True Metal Die-Cas;CoTa Puzzled Purple Shark Rubber Bath Squirter Toy 4.5 in;Vintage 1980s Applause Disney Donald Duck 2 in PVC Figure;Fisher-Price Dora the Explorer Perrito Puppy Figure Brown Dog Loo;Disney Frozen II Queen Iduna 3 in PVC Figure Cake Topper Used;Jazwares Peppa Pig George Frog Shirt Action Figure;Golden Bear Hey Duggee 4 in Duggee Plastic Figure CBeebies Brown;Disney Moana Tamatoa Purple Crab Figure Loose Paint Wear;Disney Frozen Prince Hans 4 in PVC Figure Cake Topper Villain Toy;Ty Beanie Boos Rainbow Purple Unicorn Plush 6in 2011 Retired 3604;Unbranded Green Blue Monster Truck Toy Oversized Foam Tires Dieca;McDonald's Disney Goofy Matterhorn Happy Meal Toy Yeti Lever;1996 McDonald's Space Jam Bugs Bunny Rolling Basketball Happy Mea;Disney Minnie Mouse 3 in Pink Glitter Bow & Shoes PVC Figure;Disney Frozen Olaf 2.25 in Rubber PVC Mini Figure Snowman Toy;Pink Cat Holding Flower Bouquet Squishy Foam Figure Toy Multicolo;Looney Tunes Taz Mummy Halloween PVC Figure Warner Bros 3-4 in;Ankyo Party Animals Panda with Boombox 4.25 in Plastic Figure;2008 Kid Stuff Marketing Walrus Wheeled Kids Meal Toy Fast Food P;Large Building Block Vehicle Base White Red Wheels Replacement To;Kidsmania Happy Van Pull-Back Candy Toy Orange Beige 2.5in;Power Rangers Dino Charge Purple Ankylo Zord Bandai Figure No Cha;Blue Elephant Robot Figure on Tank Treads Orange Helmet Plastic T;Hasbro Littlest Pet Shop #52 Skyla L'Aroma Purple Skunk Figure LP;LEGO DUPLO Child Girl Figure 47205pb072 Heart Shirt Aqua Pants 62;Disney Store Pixar Inside Out Rainbow Unicorn PVC Figure 4 Inch",a09afc04-a897-430f-836b-debb88a2eb6f,"37","FIXED_PRICE","USD",9.99,,,9.99,"0","","","Jul-19-26 07:29:20 PDT","Aug-19-26 07:29:20 PDT","Action Figures","261068","","","Used","","","","","","US","Does not apply","",""
"327268456066",Toy Figures Vehicles Plush Choose Your Item Disney Hasbro McDonald's LEGO,Toy=2020 McDonald's Trolls World Tour Party Poppy & Tiny Diamond Toy,a09afc04-001,"1","FIXED_PRICE","USD",9.99,,,,"0",,,"Jul-19-26 07:29:20 PDT","Aug-19-26 07:29:20 PDT","Action Figures","261068","","","Used",,,,,"","US","Does not apply","",""
"327268456066",Toy Figures Vehicles Plush Choose Your Item Disney Hasbro McDonald's LEGO,Toy=Hasbro Sesame Street Waving Elmo 2.75-Inch PVC Figure Toy,a09afc04-002,"1","FIXED_PRICE","USD",9.99,,,,"0",,,"Jul-19-26 07:29:20 PDT","Aug-19-26 07:29:20 PDT","Action Figures","261068","","","Used",,,,,"","US","Does not apply","",""
"327268456066",Toy Figures Vehicles Plush Choose Your Item Disney Hasbro McDonald's LEGO,Toy=2018 McDonald's Peanuts Secret Agent Snoopy #6 Happy Meal Clip To,a09afc04-003,"1","FIXED_PRICE","USD",9.99,,,,"0",,,"Jul-19-26 07:29:20 PDT","Aug-19-26 07:29:20 PDT","Action Figures","261068","","","Used",,,,,"","US","Does not apply","",""
"327268456066",Toy Figures Vehicles Plush Choose Your Item Disney Hasbro McDonald's LEGO,"Toy=Vintage Bullyland Disney Mickey Mouse Chef 3"" PVC Figure Germany",a09afc04-004,"1","FIXED_PRICE","USD",9.99,,,,"0",,,"Jul-19-26 07:29:20 PDT","Aug-19-26 07:29:20 PDT","Action Figures","261068","","","Used",,,,,"","US","Does not apply","",""
"327268456066",Toy Figures Vehicles Plush Choose Your Item Disney Hasbro McDonald's LEGO,Toy=PlanToys Wooden Toy Truck Black Cab Natural Wood Incomplete Parts,a09afc04-005,"1","FIXED_PRICE","USD",9.99,,,,"0",,,"Jul-19-26 07:29:20 PDT","Aug-19-26 07:29:20 PDT","Action Figures","261068","","","Used",,,,,"","US","Does not apply","",""
"327268456066",Toy Figures Vehicles Plush Choose Your Item Disney Hasbro McDonald's LEGO,Toy=Fisher-Price Disney Mickey Mouse Clubhouse Police Officer Figure,a09afc04-006,"1","FIXED_PRICE","USD",9.99,,,,"0",,,"Jul-19-26 07:29:20 PDT","Aug-19-26 07:29:20 PDT","Action Figures","261068","","","Used",,,,,"","US","Does not apply","",""
"327268456066",Toy Figures Vehicles Plush Choose Your Item Disney Hasbro McDonald's LEGO,Toy=Hasbro Littlest Pet Shop Gray Dog Figure Teal Hair Blue Bone Acce,a09afc04-007,"1","FIXED_PRICE","USD",9.99,,,,"0",,,"Jul-19-26 07:29:20 PDT","Aug-19-26 07:29:20 PDT","Action Figures","261068","","","Used",,,,,"","US","Does not apply","",""
"327268456066",Toy Figures Vehicles Plush Choose Your Item Disney Hasbro McDonald's LEGO,Toy=Kid Stuff Marketing Fishy Fun Purple Puffer Fish Wind-Up Toy,a09afc04-008,"1","FIXED_PRICE","USD",9.99,,,,"0",,,"Jul-19-26 07:29:20 PDT","Aug-19-26 07:29:20 PDT","Action Figures","261068","","","Used",,,,,"","US","Does not apply","",""
"327268456066",Toy Figures Vehicles Plush Choose Your Item Disney Hasbro McDonald's LEGO,Toy=McDonald's 2019 Avengers Endgame Team Suit Rocket #11 Happy Meal,a09afc04-009,"1","FIXED_PRICE","USD",9.99,,,,"0",,,"Jul-19-26 07:29:20 PDT","Aug-19-26 07:29:20 PDT","Action Figures","261068","","","Used",,,,,"","US","Does not apply","",""
"327268456066",Toy Figures Vehicles Plush Choose Your Item Disney Hasbro McDonald's LEGO,Toy=PAW Patrol Mission PAW Rubble Pup Pack Action Figure Spin Master,a09afc04-010,"1","FIXED_PRICE","USD",9.99,,,,"0",,,"Jul-19-26 07:29:20 PDT","Aug-19-26 07:29:20 PDT","Action Figures","261068","","","Used",,,,,"","US","Does not apply","",""
"327268456066",Toy Figures Vehicles Plush Choose Your Item Disney Hasbro McDonald's LEGO,Toy=PAW Patrol Mighty Pups Super PAWs Marshall #03 True Metal Die-Cas,a09afc04-011,"1","FIXED_PRICE","USD",9.99,,,,"0",,,"Jul-19-26 07:29:20 PDT","Aug-19-26 07:29:20 PDT","Action Figures","261068","","","Used",,,,,"","US","Does not apply","",""
"327268456066",Toy Figures Vehicles Plush Choose Your Item Disney Hasbro McDonald's LEGO,Toy=CoTa Puzzled Purple Shark Rubber Bath Squirter Toy 4.5 in,a09afc04-012,"1","FIXED_PRICE","USD",9.99,,,,"0",,,"Jul-19-26 07:29:20 PDT","Aug-19-26 07:29:20 PDT","Action Figures","261068","","","Used",,,,,"","US","Does not apply","",""
"327268456066",Toy Figures Vehicles Plush Choose Your Item Disney Hasbro McDonald's LEGO,Toy=Vintage 1980s Applause Disney Donald Duck 2 in PVC Figure,a09afc04-013,"1","FIXED_PRICE","USD",9.99,,,,"0",,,"Jul-19-26 07:29:20 PDT","Aug-19-26 07:29:20 PDT","Action Figures","261068","","","Used",,,,,"","US","Does not apply","",""
"327268456066",Toy Figures Vehicles Plush Choose Your Item Disney Hasbro McDonald's LEGO,Toy=Fisher-Price Dora the Explorer Perrito Puppy Figure Brown Dog Loo,a09afc04-014,"1","FIXED_PRICE","USD",9.99,,,,"0",,,"Jul-19-26 07:29:20 PDT","Aug-19-26 07:29:20 PDT","Action Figures","261068","","","Used",,,,,"","US","Does not apply","",""
"327268456066",Toy Figures Vehicles Plush Choose Your Item Disney Hasbro McDonald's LEGO,Toy=Disney Frozen II Queen Iduna 3 in PVC Figure Cake Topper Used,a09afc04-015,"1","FIXED_PRICE","USD",9.99,,,,"0",,,"Jul-19-26 07:29:20 PDT","Aug-19-26 07:29:20 PDT","Action Figures","261068","","","Used",,,,,"","US","Does not apply","",""
"327268456066",Toy Figures Vehicles Plush Choose Your Item Disney Hasbro McDonald's LEGO,Toy=Jazwares Peppa Pig George Frog Shirt Action Figure,a09afc04-016,"1","FIXED_PRICE","USD",9.99,,,,"0",,,"Jul-19-26 07:29:20 PDT","Aug-19-26 07:29:20 PDT","Action Figures","261068","","","Used",,,,,"","US","Does not apply","",""
"327268456066",Toy Figures Vehicles Plush Choose Your Item Disney Hasbro McDonald's LEGO,Toy=Golden Bear Hey Duggee 4 in Duggee Plastic Figure CBeebies Brown,a09afc04-017,"2","FIXED_PRICE","USD",9.99,,,,"0",,,"Jul-19-26 07:29:20 PDT","Aug-19-26 07:29:20 PDT","Action Figures","261068","","","Used",,,,,"","US","Does not apply","",""
"327268456066",Toy Figures Vehicles Plush Choose Your Item Disney Hasbro McDonald's LEGO,Toy=Disney Moana Tamatoa Purple Crab Figure Loose Paint Wear,a09afc04-018,"1","FIXED_PRICE","USD",9.99,,,,"0",,,"Jul-19-26 07:29:20 PDT","Aug-19-26 07:29:20 PDT","Action Figures","261068","","","Used",,,,,"","US","Does not apply","",""
"327268456066",Toy Figures Vehicles Plush Choose Your Item Disney Hasbro McDonald's LEGO,Toy=Disney Frozen Prince Hans 4 in PVC Figure Cake Topper Villain Toy,a09afc04-019,"1","FIXED_PRICE","USD",9.99,,,,"0",,,"Jul-19-26 07:29:20 PDT","Aug-19-26 07:29:20 PDT","Action Figures","261068","","","Used",,,,,"","US","Does not apply","",""
"327268456066",Toy Figures Vehicles Plush Choose Your Item Disney Hasbro McDonald's LEGO,Toy=Ty Beanie Boos Rainbow Purple Unicorn Plush 6in 2011 Retired 3604,a09afc04-020,"1","FIXED_PRICE","USD",9.99,,,,"0",,,"Jul-19-26 07:29:20 PDT","Aug-19-26 07:29:20 PDT","Action Figures","261068","","","Used",,,,,"","US","Does not apply","",""
"327268456066",Toy Figures Vehicles Plush Choose Your Item Disney Hasbro McDonald's LEGO,Toy=Unbranded Green Blue Monster Truck Toy Oversized Foam Tires Dieca,a09afc04-021,"1","FIXED_PRICE","USD",9.99,,,,"0",,,"Jul-19-26 07:29:20 PDT","Aug-19-26 07:29:20 PDT","Action Figures","261068","","","Used",,,,,"","US","Does not apply","",""
"327268456066",Toy Figures Vehicles Plush Choose Your Item Disney Hasbro McDonald's LEGO,Toy=McDonald's Disney Goofy Matterhorn Happy Meal Toy Yeti Lever,a09afc04-022,"1","FIXED_PRICE","USD",9.99,,,,"0",,,"Jul-19-26 07:29:20 PDT","Aug-19-26 07:29:20 PDT","Action Figures","261068","","","Used",,,,,"","US","Does not apply","",""
"327268456066",Toy Figures Vehicles Plush Choose Your Item Disney Hasbro McDonald's LEGO,Toy=1996 McDonald's Space Jam Bugs Bunny Rolling Basketball Happy Mea,a09afc04-023,"1","FIXED_PRICE","USD",9.99,,,,"0",,,"Jul-19-26 07:29:20 PDT","Aug-19-26 07:29:20 PDT","Action Figures","261068","","","Used",,,,,"","US","Does not apply","",""
"327268456066",Toy Figures Vehicles Plush Choose Your Item Disney Hasbro McDonald's LEGO,Toy=Disney Minnie Mouse 3 in Pink Glitter Bow & Shoes PVC Figure,a09afc04-024,"1","FIXED_PRICE","USD",9.99,,,,"0",,,"Jul-19-26 07:29:20 PDT","Aug-19-26 07:29:20 PDT","Action Figures","261068","","","Used",,,,,"","US","Does not apply","",""
"327268456066",Toy Figures Vehicles Plush Choose Your Item Disney Hasbro McDonald's LEGO,Toy=Disney Frozen Olaf 2.25 in Rubber PVC Mini Figure Snowman Toy,a09afc04-025,"1","FIXED_PRICE","USD",9.99,,,,"0",,,"Jul-19-26 07:29:20 PDT","Aug-19-26 07:29:20 PDT","Action Figures","261068","","","Used",,,,,"","US","Does not apply","",""
"327268456066",Toy Figures Vehicles Plush Choose Your Item Disney Hasbro McDonald's LEGO,Toy=Pink Cat Holding Flower Bouquet Squishy Foam Figure Toy Multicolo,a09afc04-026,"1","FIXED_PRICE","USD",9.99,,,,"0",,,"Jul-19-26 07:29:20 PDT","Aug-19-26 07:29:20 PDT","Action Figures","261068","","","Used",,,,,"","US","Does not apply","",""
"327268456066",Toy Figures Vehicles Plush Choose Your Item Disney Hasbro McDonald's LEGO,Toy=Looney Tunes Taz Mummy Halloween PVC Figure Warner Bros 3-4 in,a09afc04-027,"1","FIXED_PRICE","USD",9.99,,,,"0",,,"Jul-19-26 07:29:20 PDT","Aug-19-26 07:29:20 PDT","Action Figures","261068","","","Used",,,,,"","US","Does not apply","",""
"327268456066",Toy Figures Vehicles Plush Choose Your Item Disney Hasbro McDonald's LEGO,Toy=Ankyo Party Animals Panda with Boombox 4.25 in Plastic Figure,a09afc04-028,"1","FIXED_PRICE","USD",9.99,,,,"0",,,"Jul-19-26 07:29:20 PDT","Aug-19-26 07:29:20 PDT","Action Figures","261068","","","Used",,,,,"","US","Does not apply","",""
"327268456066",Toy Figures Vehicles Plush Choose Your Item Disney Hasbro McDonald's LEGO,Toy=2008 Kid Stuff Marketing Walrus Wheeled Kids Meal Toy Fast Food P,a09afc04-029,"1","FIXED_PRICE","USD",9.99,,,,"0",,,"Jul-19-26 07:29:20 PDT","Aug-19-26 07:29:20 PDT","Action Figures","261068","","","Used",,,,,"","US","Does not apply","",""
"327268456066",Toy Figures Vehicles Plush Choose Your Item Disney Hasbro McDonald's LEGO,Toy=Large Building Block Vehicle Base White Red Wheels Replacement To,a09afc04-030,"1","FIXED_PRICE","USD",9.99,,,,"0",,,"Jul-19-26 07:29:20 PDT","Aug-19-26 07:29:20 PDT","Action Figures","261068","","","Used",,,,,"","US","Does not apply","",""
"327268456066",Toy Figures Vehicles Plush Choose Your Item Disney Hasbro McDonald's LEGO,Toy=Kidsmania Happy Van Pull-Back Candy Toy Orange Beige 2.5in,a09afc04-031,"1","FIXED_PRICE","USD",9.99,,,,"0",,,"Jul-19-26 07:29:20 PDT","Aug-19-26 07:29:20 PDT","Action Figures","261068","","","Used",,,,,"","US","Does not apply","",""
"327268456066",Toy Figures Vehicles Plush Choose Your Item Disney Hasbro McDonald's LEGO,Toy=Power Rangers Dino Charge Purple Ankylo Zord Bandai Figure No Cha,a09afc04-032,"1","FIXED_PRICE","USD",9.99,,,,"0",,,"Jul-19-26 07:29:20 PDT","Aug-19-26 07:29:20 PDT","Action Figures","261068","","","Used",,,,,"","US","Does not apply","",""
"327268456066",Toy Figures Vehicles Plush Choose Your Item Disney Hasbro McDonald's LEGO,Toy=Blue Elephant Robot Figure on Tank Treads Orange Helmet Plastic T,a09afc04-033,"1","FIXED_PRICE","USD",9.99,,,,"0",,,"Jul-19-26 07:29:20 PDT","Aug-19-26 07:29:20 PDT","Action Figures","261068","","","Used",,,,,"","US","Does not apply","",""
"327268456066",Toy Figures Vehicles Plush Choose Your Item Disney Hasbro McDonald's LEGO,Toy=Hasbro Littlest Pet Shop #52 Skyla L'Aroma Purple Skunk Figure LP,a09afc04-034,"1","FIXED_PRICE","USD",9.99,,,,"0",,,"Jul-19-26 07:29:20 PDT","Aug-19-26 07:29:20 PDT","Action Figures","261068","","","Used",,,,,"","US","Does not apply","",""
"327268456066",Toy Figures Vehicles Plush Choose Your Item Disney Hasbro McDonald's LEGO,Toy=LEGO DUPLO Child Girl Figure 47205pb072 Heart Shirt Aqua Pants 62,a09afc04-035,"1","FIXED_PRICE","USD",9.99,,,,"0",,,"Jul-19-26 07:29:20 PDT","Aug-19-26 07:29:20 PDT","Action Figures","261068","","","Used",,,,,"","US","Does not apply","",""
"327268456066",Toy Figures Vehicles Plush Choose Your Item Disney Hasbro McDonald's LEGO,Toy=Disney Store Pixar Inside Out Rainbow Unicorn PVC Figure 4 Inch,a09afc04-036,"1","FIXED_PRICE","USD",9.99,,,,"0",,,"Jul-19-26 07:29:20 PDT","Aug-19-26 07:29:20 PDT","Action Figures","261068","","","Used",,,,,"","US","Does not apply","",""
"327269038349","Gloria Estefan Rhythm Is Gonna Get You Promo 7"" 45 Picture Sleeve 34-07059",,ebb30689-001,"1","FIXED_PRICE","USD",10.09,,,10.09,"0","","","Jul-19-26 16:50:58 PDT","Aug-19-26 16:50:58 PDT","Vinyl Records","176985","","","Used","","","","","","US","","",""
"327269038351","a-ha Stay on These Roads 7"" 45 US Promo Vinyl Picture Sleeve 7-27886",,fb29ce89-001,"1","FIXED_PRICE","USD",24.99,,,24.99,"0","","","Jul-19-26 16:50:58 PDT","Aug-19-26 16:50:58 PDT","Vinyl Records","176985","","","Used","","","","","","US","","",""
"327269038352","Aerosmith Dude (Looks Like a Lady) / Simoriah 1987 7"" 45 Picture Sleeve",,350c13c8-001,"1","FIXED_PRICE","USD",13.99,,,13.99,"0","","","Jul-19-26 16:50:58 PDT","Aug-19-26 16:50:58 PDT","Vinyl Records","176985","","","Used","","","","","","US","","",""
"327269038353","Bangles Manic Monday 1985 Columbia Promo 7"" 45 RPM Vinyl 38-05757",,66d1de84-001,"1","FIXED_PRICE","USD",10.03,,,10.03,"0","","","Jul-19-26 16:50:58 PDT","Aug-19-26 16:50:58 PDT","Vinyl Records","176985","","","Used","","","","","","US","","",""
"327269038354","Real Life Send Me An Angel 1983 US Promo 7"" 45 MCA-52287 Synth-Pop",,746552a7-001,"1","FIXED_PRICE","USD",12.19,,,12.19,"0","0","0","Jul-19-26 16:50:58 PDT","Aug-19-26 16:50:58 PDT","Vinyl Records","176985","","","Used","","","","","","US","","",""
"327269038355","Def Leppard Pour Some Sugar On Me 7"" 45 Picture Sleeve 870 298-7",,be9387f2-001,"1","FIXED_PRICE","USD",14.9,,,14.9,"0","","","Jul-19-26 16:50:58 PDT","Aug-19-26 16:50:58 PDT","Vinyl Records","176985","","","Used","","","","","","US","","",""
"327269038356","Britny Fox Save the Weak 1989 7"" 45 RPM Columbia 38-68561 Promo",,e9ba1d7c-001,"1","FIXED_PRICE","USD",18.5,,,18.5,"0","","","Jul-19-26 16:50:58 PDT","Aug-19-26 16:50:58 PDT","Vinyl Records","176985","","","Used","","","","","","US","","",""
"327269038358","Mötley Crüe Too Young to Fall in Love (Remix) Promo 7"" 45 Picture Sleeve",,b0ec049d-001,"1","FIXED_PRICE","USD",24.99,,,24.99,"0","3","0","Jul-19-26 16:50:58 PDT","Aug-19-26 16:50:58 PDT","Vinyl Records","176985","","","Used","","","","","","US","","",""
"327269038359","Britny Fox Long Way to Love 1988 Columbia Promo 7"" 45 RPM 38-07926",,756b2616-001,"1","FIXED_PRICE","USD",12.19,,,12.19,"0","","","Jul-19-26 16:50:58 PDT","Aug-19-26 16:50:58 PDT","Vinyl Records","176985","","","Used","","","","","","US","","",""
"327269038360","Madonna Like a Virgin / Stay 1984 Sire 7-29210 7"" 45 Picture Sleeve",,983ab281-001,"1","FIXED_PRICE","USD",13.54,,,13.54,"0","","","Jul-19-26 16:50:58 PDT","Aug-19-26 16:50:58 PDT","Vinyl Records","176985","","","Used","","","","","","US","","",""
"327269038361","Elvis Presley U.S. Male / Stay Away RCA 447-0664 Gold Standard 7"" 45 RPM",,013a890f-001,"1","FIXED_PRICE","USD",12.19,,,12.19,"0","","","Jul-19-26 16:50:58 PDT","Aug-19-26 16:50:58 PDT","Vinyl Records","176985","","","Used","","","","","","US","","",""
"327269038362","Ozzy Osbourne Crazy Babies 7"" 45 RPM White Label Promo ZS4 68534 1988",,87bb7d40-001,"1","FIXED_PRICE","USD",17.6,,,17.6,"0","","","Jul-19-26 16:50:58 PDT","Aug-19-26 16:50:58 PDT","Vinyl Records","176985","","","Used","","","","","","US","","",""
"327269038363","Elvis Presley My Boy / Thinking About You 1975 RCA PB-10191 7"" 45",,87c890ed-001,"1","FIXED_PRICE","USD",13.99,,,13.99,"0","","","Jul-19-26 16:50:58 PDT","Aug-19-26 16:50:58 PDT","Vinyl Records","176985","","","Used","","","","","","US","","",""
"327269038364",Beatles Ticket to Ride Apple 5407 + J.J. Fad Supersonic Promo 45 Lot,,6f822681-001,"1","FIXED_PRICE","USD",37.39,,,37.39,"0","","","Jul-19-26 16:50:58 PDT","Aug-19-26 16:50:58 PDT","Vinyl Records","176985","","","Used","","","","","","US","","",""
"327269038365","Quiet Riot Mama Weer All Crazee Now 7"" 45 WLP Promo Picture Sleeve ZS4 04505",,55e5cd81-001,"2","FIXED_PRICE","USD",9.05,,,9.05,"0","1","0","Jul-19-26 16:50:58 PDT","Aug-19-26 16:50:58 PDT","Vinyl Records","176985","","","Used","","","","","","US","","",""
"327269402573","Europe ""Carrie"" 7"" 45 RPM Promo Single Epic 34-07282 Picture Sleeve",,cad55dfe-001,"1","FIXED_PRICE","USD",8.72,,,8.72,"0","","","Jul-19-26 23:22:18 PDT","Aug-19-26 23:22:18 PDT","Vinyl Records","176985","","","Used","","","","","","US","","",""
"327269402574","Europe Rock The Night 7"" 45 RPM Vinyl Single Epic 34-07091 1987",,dd6ca171-001,"1","FIXED_PRICE","USD",9.47,,,9.47,"0","","","Jul-19-26 23:22:18 PDT","Aug-19-26 23:22:18 PDT","Vinyl Records","176985","","","Used","","","","","","US","","",""
"327269402577",Ana Before I Jump 1988 Parc Promo 45 ZS4-07767 w/ Picture Sleeve,,3a4ecffc-001,"1","FIXED_PRICE","USD",9.58,,,9.58,"0","","","Jul-19-26 23:22:18 PDT","Aug-19-26 23:22:18 PDT","Vinyl Records","176985","","","Used","","","","","","US","","",""
"327269402579","The Bangles Be With You Columbia Promo 7"" 45 RPM 38-68744",,bbd4017d-001,"1","FIXED_PRICE","USD",12.91,,,12.91,"0","","","Jul-19-26 23:22:18 PDT","Aug-19-26 23:22:18 PDT","Vinyl Records","176985","","","Used","","","","","","US","","",""
"327269402580",Van Halen I'll Wait 1984 Promo 7in 45 RPM Vinyl Warner 7-29307,,36406d32-001,"1","FIXED_PRICE","USD",14.0,,,14.0,"0","","","Jul-19-26 23:22:18 PDT","Aug-19-26 23:22:18 PDT","Vinyl Records","176985","","","Used","","","","","","US","","",""
"327269402581",White Lion Little Fighter Let's Get Crazy 1989 Atlantic 7-88874 7in 45,,da446818-001,"1","FIXED_PRICE","USD",10.39,,,10.39,"0","","","Jul-19-26 23:22:18 PDT","Aug-19-26 23:22:18 PDT","Vinyl Records","176985","","","Used","","","","","","US","","",""
"327269402582",The Beatles A Hard Day's Night / I Should Have Known Better 45 X-6281,,858dd9c8-001,"1","FIXED_PRICE","USD",14.44,,,14.44,"0","","","Jul-19-26 23:22:18 PDT","Aug-19-26 23:22:18 PDT","Vinyl Records","176985","","","Used","","","","","","US","","",""
"327269402583",Judas Priest Turbo Lover 1986 Columbia Promo 7in 45 38-06142,,b36fbc62-001,"1","FIXED_PRICE","USD",30.2,,,30.2,"0","","","Jul-19-26 23:22:18 PDT","Aug-19-26 23:22:18 PDT","Vinyl Records","176985","","","Used","","","","","","US","","",""
"327269402584",Elvis Presley Frankie and Johnny RCA Victor 47-8780 1966 7in 45,,caf6a5ad-001,"1","FIXED_PRICE","USD",19.99,,,19.99,"0","1","0","Jul-19-26 23:22:18 PDT","Aug-19-26 23:22:18 PDT","Vinyl Records","176985","","","Used","","","","","","US","","",""
"327269402585","Martha Reeves & The Vandellas Bless You 1971 Gordy G 7110F 7"" 45",,0e351728-001,"1","FIXED_PRICE","USD",17.6,,,17.6,"0","","","Jul-19-26 23:22:18 PDT","Aug-19-26 23:22:18 PDT","Vinyl Records","176985","","","Used","","","","","","US","","",""
"327269402586","Ana Shy Boys 7"" Promo 45 RPM 1987 Parc ZS4-07056 Vinyl Single",,a309ddd8-001,"1","FIXED_PRICE","USD",9.93,,,9.93,"0","","","Jul-19-26 23:22:18 PDT","Aug-19-26 23:22:18 PDT","Vinyl Records","176985","","","Used","","","","","","US","","",""
"327269402587",Scorpions Rock You Like a Hurricane 1984 Mercury 7in 45 818 440-7,,58b4af55-001,"1","FIXED_PRICE","USD",18.49,,,18.49,"0","1","0","Jul-19-26 23:22:18 PDT","Aug-19-26 23:22:18 PDT","Vinyl Records","176985","","","Used","","","","","","US","","",""
"327269402588",Alison Moyet Is This Love? US Promo 7in 45 RPM Columbia 38-07019,,c2059d44-001,"1","FIXED_PRICE","USD",8.12,,,8.12,"0","","","Jul-19-26 23:22:18 PDT","Aug-19-26 23:22:18 PDT","Vinyl Records","176985","","","Used","","","","","","US","","",""
"327269402589","The Jets Crush On You 7"" 45 RPM Promo MCA-52774 White Label",,d9566e7d-001,"1","FIXED_PRICE","USD",11.85,,,11.85,"0","","","Jul-19-26 23:22:18 PDT","Aug-19-26 23:22:18 PDT","Vinyl Records","176985","","","Used","","","","","","US","","",""
"327269402590",Alison Moyet Invisible 7in 45 RPM Promo Columbia 38-04781 Picture Sleeve,,9c4a3193-001,"1","FIXED_PRICE","USD",12.3,,,12.3,"0","","","Jul-19-26 23:22:18 PDT","Aug-19-26 23:22:18 PDT","Vinyl Records","176985","","","Used","","","","","","US","","",""
"327269402591",Alexander O'Neal Fake 1987 Tabu ZS4-07100 7in 45 RPM Picture Sleeve,,1281400e-001,"1","FIXED_PRICE","USD",14.46,,,14.46,"0","","","Jul-19-26 23:22:18 PDT","Aug-19-26 23:22:18 PDT","Vinyl Records","176985","","","Used","","","","","","US","","",""
"327269402592","Alexander O'Neal Criticize 1987 Tabu ZS4-07600 7"" 45 RPM Vinyl Single",,8573f3a5-001,"1","FIXED_PRICE","USD",12.29,,,12.29,"0","","","Jul-19-26 23:22:18 PDT","Aug-19-26 23:22:18 PDT","Vinyl Records","176985","","","Used","","","","","","US","","",""
"327269402594",Warrant Down Boys 1989 Columbia Promo 7in 45 RPM Vinyl 38-68606,,d7dc09b4-001,"1","FIXED_PRICE","USD",24.99,,,24.99,"0","","","Jul-19-26 23:22:18 PDT","Aug-19-26 23:22:18 PDT","Vinyl Records","176985","","","Used","","","","","","US","","",""
"327269402595","2 Live Crew Yakety Yak 7"" 45 RPM Promo WTG 31-68491 1988",,463959e6-001,"1","FIXED_PRICE","USD",15.35,,,15.35,"0","","","Jul-19-26 23:22:18 PDT","Aug-19-26 23:22:18 PDT","Vinyl Records","176985","","","Used","","","","","","US","","",""
"327269402596","Bad English Forget Me Not 1989 Epic Promo 7"" 45 RPM Vinyl 34-68946",,abb5f2ab-001,"1","FIXED_PRICE","USD",7.99,,,7.99,"0","","","Jul-19-26 23:22:18 PDT","Aug-19-26 23:22:18 PDT","Vinyl Records","176985","","","Used","","","","","","US","","",""
"327269402597","The Beatles Yesterday / Act Naturally Starline X-6291 7"" 45 Mono",,129871de-001,"1","FIXED_PRICE","USD",34.99,,,34.99,"0","","","Jul-19-26 23:22:18 PDT","Aug-19-26 23:22:18 PDT","Vinyl Records","176985","","","Used","","","","","","US","","",""
"327269402598","1986 Top Gun Anthem 7"" Promo 45 Faltermeyer & Stevens Columbia",,61136d0c-001,"1","FIXED_PRICE","USD",10.39,,,10.39,"0","1","0","Jul-19-26 23:22:18 PDT","Aug-19-26 23:22:18 PDT","Vinyl Records","176985","","","Used","","","","","","US","","",""
"327269402599",Europe Cherokee 7in 45 RPM Promo Vinyl 1987 Epic 34-07638 w/ Sleeve,,b3b97f74-001,"1","FIXED_PRICE","USD",12.32,,,12.32,"0","","","Jul-19-26 23:22:18 PDT","Aug-19-26 23:22:18 PDT","Vinyl Records","176985","","","Used","","","","","","US","","",""
"327269402600",Bangles Eternal Flame 1989 Columbia Promo 7in 45 RPM Vinyl 38-68533,,9db336fc-001,"1","FIXED_PRICE","USD",16.03,,,16.03,"0","","","Jul-19-26 23:22:18 PDT","Aug-19-26 23:22:18 PDT","Vinyl Records","176985","","","Used","","","","","","US","","",""
"327269402601","Warrant Heaven White Label Promo 7"" 45 Columbia 38-68985",,a673a911-001,"1","FIXED_PRICE","USD",12.36,,,12.36,"0","","","Jul-19-26 23:22:18 PDT","Aug-19-26 23:22:18 PDT","Vinyl Records","176985","","","Used","","","","","","US","","",""
"327269402602","Rick Dees Get Nekked / Eat My Shorts 7"" 45 RPM Promo Atlantic 1984",,4e1651fd-001,"1","FIXED_PRICE","USD",17.42,,,17.42,"0","1","0","Jul-19-26 23:22:19 PDT","Aug-19-26 23:22:19 PDT","Vinyl Records","176985","","","Used","","","","","","US","","",""
"327269402603",Vandenberg Burning Heart 1982 Atco 7-99947 Promo 7in 45 RPM Vinyl,,44839105-001,"1","FIXED_PRICE","USD",9.49,,,9.49,"0","","","Jul-19-26 23:22:19 PDT","Aug-19-26 23:22:19 PDT","Vinyl Records","176985","","","Used","","","","","","US","","",""
"327269402604","Miami Sound Machine Conga 1985 Epic 34-05457 7"" 45 RPM Single",,7450202d-001,"1","FIXED_PRICE","USD",10.39,,,10.39,"0","","","Jul-19-26 23:22:19 PDT","Aug-19-26 23:22:19 PDT","Vinyl Records","176985","","","Used","","","","","","US","","",""
"327269402605",Boys Club I Remember Holding You 7in 45 RPM Promo MCA-53430 1988,,b0d83daf-001,"1","FIXED_PRICE","USD",11.74,,,11.74,"0","","","Jul-19-26 23:22:19 PDT","Aug-19-26 23:22:19 PDT","Vinyl Records","176985","","","Used","","","","","","US","","",""
"327269402606","J.J. Fad Supersonic 1988 Ruthless Promo 7"" 45 RPM 7-99328",,ebe31670-001,"1","FIXED_PRICE","USD",29.99,,,29.99,"0","","","Jul-19-26 23:22:19 PDT","Aug-19-26 23:22:19 PDT","Vinyl Records","176985","","","Used","","","","","","US","","",""
"327269402607",Art Garfunkel This Is The Moment 1988 Columbia Promo 45 38-07949,,da09772f-001,"1","FIXED_PRICE","USD",13.22,,,13.22,"0","","","Jul-19-26 23:22:19 PDT","Aug-19-26 23:22:19 PDT","Vinyl Records","176985","","","Used","","","","","","US","","",""
"327269402608",Art Garfunkel When a Man Loves a Woman 7in 45 Promo Columbia 38-08511,,a3182550-001,"1","FIXED_PRICE","USD",8.12,,,8.12,"0","","","Jul-19-26 23:22:19 PDT","Aug-19-26 23:22:19 PDT","Vinyl Records","176985","","","Used","","","","","","US","","",""
"327269402612",The Beatles Ticket To Ride / Yes It Is Apple 5407 7in 45 RPM Vinyl,,b3378ea0-001,"1","FIXED_PRICE","USD",29.99,,,29.99,"0","","","Jul-19-26 23:22:19 PDT","Aug-19-26 23:22:19 PDT","Vinyl Records","176985","","","Used","","","","","","US","","",""
"327269949199",Gloria Estefan Greatest Hits CD 1992 Epic Latin Pop Compilation,,ab0db0e8-001,"1","FIXED_PRICE","USD",10.82,,,10.82,"0","","","Jul-20-26 07:55:11 PDT","Aug-20-26 07:55:11 PDT","CDs","176984","","","Good","","","","","","US","","",""
"327270065561","Les Misérables [Original Broadway Cast Recording] by Original Broadway Cast (CD,",,,"1","FIXED_PRICE","USD",12.19,,,12.19,"0","0","0","Jul-20-26 09:49:30 PDT","Aug-20-26 09:49:30 PDT","CDs","176984","","","Like New","","","","","80307540","US","0075992415125","",""
"327270117146",The Beatles Love Me Do / P.S. I Love You Canada 45 Capitol 72076,,85dd140c-001,"1","FIXED_PRICE","USD",34.99,,,34.99,"0","2","0","Jul-20-26 10:34:02 PDT","Aug-20-26 10:34:02 PDT","Vinyl Records","176985","","","Used","","","","","","US","","",""
"327270214931",Titanic – Music from the Motion Picture – CD – 1997 – James Horner – Awards,,,"3","FIXED_PRICE","USD",15.79,,,15.79,"0","","","Jul-20-26 11:56:52 PDT","Aug-20-26 11:56:52 PDT","CDs","176984","","","Like New","","","","","","US","","",""
"327270215489",Bette Midler Some People's Lives CD 1990 Atlantic 82129-2 From a Distance,,4b02e602-001,"1","FIXED_PRICE","USD",9.46,,,9.46,"0","","","Jul-20-26 11:57:48 PDT","Aug-20-26 11:57:48 PDT","CDs","176984","","","Good","","","","","","US","","",""
"327270215490",Mannheim Steamroller Christmas CD 1984 AG 1984-2 American Gramaphone,,752f8851-001,"1","FIXED_PRICE","USD",13.09,,,13.09,"0","","","Jul-20-26 11:57:48 PDT","Aug-20-26 11:57:48 PDT","CDs","176984","","","Good","","","","","","US","","",""
"327270215491",Robert Palmer Ridin' High CD 1992 EMI BMG Club Edition D100226,,ef98c615-001,"1","FIXED_PRICE","USD",9.68,,,9.68,"0","","","Jul-20-26 11:57:48 PDT","Aug-20-26 11:57:48 PDT","CDs","176984","","","Good","","","","","","US","","",""
"327270215492",Taylor Dayne Tell It to My Heart CD Arista ARCD-8529 US Press,,eec9b81a-001,"1","FIXED_PRICE","USD",10.62,,,10.62,"0","1","0","Jul-20-26 11:57:48 PDT","Aug-20-26 11:57:48 PDT","CDs","176984","","","Good","","","","","","US","","",""
"327270215494",Tracy Chapman Crossroads CD 1989 Elektra 60888-2 US Release,,074b848c-001,"1","FIXED_PRICE","USD",9.81,,,9.81,"0","","","Jul-20-26 11:57:48 PDT","Aug-20-26 11:57:48 PDT","CDs","176984","","","Good","","","","","","US","","",""
"327270215495",The Human League Crash CD 1986 A&M CD-5129 Made in Japan Early Pressing,,11d76e47-001,"1","FIXED_PRICE","USD",16.66,,,16.66,"0","","","Jul-20-26 11:57:48 PDT","Aug-20-26 11:57:48 PDT","CDs","176984","","","Good","","","","","","US","","",""
"327270215496",John Cougar Mellencamp The Lonesome Jubilee CD 1987 Mercury 832 465-2 USA,,24d6f022-001,"1","FIXED_PRICE","USD",7.99,,,7.99,"0","","","Jul-20-26 11:57:48 PDT","Aug-20-26 11:57:48 PDT","CDs","176984","","","Good","","","","","","US","","",""
"327270215497",Mariah Carey Emotions CD 1991 Columbia CK 47980 R&B Album,,a51360c9-001,"1","FIXED_PRICE","USD",7.99,,,7.99,"0","","","Jul-20-26 11:57:48 PDT","Aug-20-26 11:57:48 PDT","CDs","176984","","","Good","","","","","","US","","",""
"327270215498",Sting Songs of Love CD 2003 Victoria's Secret Exclusive A&M B0001074-02,,2c408412-001,"1","FIXED_PRICE","USD",12.2,,,12.2,"0","","","Jul-20-26 11:57:48 PDT","Aug-20-26 11:57:48 PDT","CDs","176984","","","Good","","","","","","US","","",""
"327270215499",Mariah Carey Music Box CD 1993 Columbia CK 53205 USA Pressing,,096e843a-001,"1","FIXED_PRICE","USD",10.39,,,10.39,"0","0","0","Jul-20-26 11:57:48 PDT","Aug-20-26 11:57:48 PDT","CDs","176984","","","Good","","","","","","US","","",""
"327270215500",Linda Ronstadt Feels Like Home CD 1995 Elektra BMG Club Edition Sealed,,117c6939-001,"1","FIXED_PRICE","USD",14.89,,,14.89,"0","","","Jul-20-26 11:57:48 PDT","Aug-20-26 11:57:48 PDT","CDs","176984","","","Good","","","","","","US","","",""
"327270215503",The Choir Free Flying Soul CD 1996 Tattoo Records 84418-4362-2,,5bfb7a53-001,"1","FIXED_PRICE","USD",14.0,,,14.0,"0","","","Jul-20-26 11:57:48 PDT","Aug-20-26 11:57:48 PDT","CDs","176984","","","Good","","","","","","US","","",""
"327270215505",Eckhart Tolle Entering the Now 2-CD Audiobook Sounds True 2003,,6ceb7ba7-001,"1","FIXED_PRICE","USD",13.96,,,13.96,"0","1","0","Jul-20-26 11:57:48 PDT","Aug-20-26 11:57:48 PDT","Audiobooks","29792","","","Good","","","","","","US","","",""
"327270215506",Michael Bolton Timeless: The Classics CD 1992 Columbia CK 52783,,930456a7-001,"1","FIXED_PRICE","USD",9.93,,,9.93,"0","","","Jul-20-26 11:57:48 PDT","Aug-20-26 11:57:48 PDT","CDs","176984","","","Good","","","","","","US","","",""
"327270215507",Vince Gill I Still Believe in You CD Sealed 1992 MCA D121063 Canada,,c7c8c1f8-001,"1","FIXED_PRICE","USD",9.47,,,9.47,"0","","","Jul-20-26 11:57:48 PDT","Aug-20-26 11:57:48 PDT","CDs","176984","","","Good","","","","","","US","","",""
"327270215508",Mannheim Steamroller Christmas Extraordinaire CD 2001 American Gramaphone,,309191ca-001,"1","FIXED_PRICE","USD",12.44,,,12.44,"0","","","Jul-20-26 11:57:48 PDT","Aug-20-26 11:57:48 PDT","CDs","176984","","","Good","","","","","","US","","",""
"327270215509",The Choir O How the Mighty Have Fallen CD 2005 Signed All 5 Members READ,,e52b947e-001,"1","FIXED_PRICE","USD",7.99,,,7.99,"0","","","Jul-20-26 11:57:48 PDT","Aug-20-26 11:57:48 PDT","CDs & Booklets","168121","","","","","","","","","US","","",""
"327270215510",Fisher-Price Little People Favorite Animal Songs CD 2003 New Sealed,,8a34027f-001,"1","FIXED_PRICE","USD",14.8,,,14.8,"0","","","Jul-20-26 11:57:48 PDT","Aug-20-26 11:57:48 PDT","CDs","176984","","","Good","","","","","","US","","",""
"327270215511",Patti LaBelle Winner in You CD 1986 MCA Japan MCAD-5737 JVC-453,,e4b3980d-001,"1","FIXED_PRICE","USD",12.64,,,12.64,"0","","","Jul-20-26 11:57:48 PDT","Aug-20-26 11:57:48 PDT","CDs","176984","","","Good","","","","","","US","","",""
"327270215513",Michael Bolton The One Thing CD 1993 Columbia CK 53567 Pop Rock,,8ac1d506-001,"1","FIXED_PRICE","USD",9.46,,,9.46,"0","","","Jul-20-26 11:57:48 PDT","Aug-20-26 11:57:48 PDT","CDs","176984","","","Good","","","","","","US","","",""
"327270215514",The Choir Speckled Bird CD 1994 R.E.X. Music Christian Alternative Rock,,0af5f0cd-001,"1","FIXED_PRICE","USD",13.99,,,13.99,"0","","","Jul-20-26 11:57:48 PDT","Aug-20-26 11:57:48 PDT","CDs","176984","","","Good","","","","","","US","","",""
"327270215515",Madonna GHV2 Greatest Hits Volume 2 CD 2001 Maverick Warner Bros,,da318383-001,"1","FIXED_PRICE","USD",11.28,,,11.28,"0","","","Jul-20-26 11:57:48 PDT","Aug-20-26 11:57:48 PDT","CDs","176984","","","Good","","","","","","US","","",""
"327270215516",Vanessa Williams The Comfort Zone CD 1991 BMG Club D125066 Wing Mercury,,5da47af7-001,"1","FIXED_PRICE","USD",7.99,,,7.99,"0","","","Jul-20-26 11:57:48 PDT","Aug-20-26 11:57:48 PDT","CDs","176984","","","Acceptable","","","","","","US","","",""
"327270215517",The Judds Greatest Hits Volume Two CD 1991 Curb RCA 61018-2 Country,,e63f3cf1-001,"1","FIXED_PRICE","USD",13.06,,,13.06,"0","","","Jul-20-26 11:57:48 PDT","Aug-20-26 11:57:48 PDT","CDs","176984","","","Good","","","","","","US","","",""
"327270215519",Nelly Nellyville CD 2002 BMG Direct Club Edition D144858 Explicit,,28b680fb-001,"1","FIXED_PRICE","USD",15.31,,,15.31,"0","","","Jul-20-26 11:57:48 PDT","Aug-20-26 11:57:48 PDT","CDs","176984","","","Good","","","","","","US","","",""
"327270215520",George Harrison Cloud Nine CD 1987 Dark Horse 9 25643-2 USA,,e16e2a26-001,"1","FIXED_PRICE","USD",14.89,,,14.89,"0","","","Jul-20-26 11:57:48 PDT","Aug-20-26 11:57:48 PDT","CDs","176984","","","Good","","","","","","US","","",""
"327270215521",Whitney Houston Self-Titled CD 1985 Arista ARCD 8212 Japan Pressing,,0282e2e4-001,"1","FIXED_PRICE","USD",10.85,,,10.85,"0","","","Jul-20-26 11:57:48 PDT","Aug-20-26 11:57:48 PDT","CDs","176984","","","Good","","","","","","US","","",""
"327270215522",Elton John Sleeping with the Past (1989) Factory Sealed CD MCA-6321,,278aca57-001,"1","FIXED_PRICE","USD",14.89,,,14.89,"0","","","Jul-20-26 11:57:48 PDT","Aug-20-26 11:57:48 PDT","CDs","176984","","","Brand New","","","","","","US","","",""
"327270215523",Linda Ronstadt Winter Light CD 1993 Elektra BMG Direct Sealed D101596,,cbeacf76-001,"1","FIXED_PRICE","USD",10.3,,,10.3,"0","","","Jul-20-26 11:57:48 PDT","Aug-20-26 11:57:48 PDT","CDs","176984","","","Good","","","","","","US","","",""
"327270215524",Tracy Chapman Self-Titled CD 1988 Elektra 60774-2 Made in USA Fast Car,,1ce6f8d7-001,"1","FIXED_PRICE","USD",14.42,,,14.42,"0","","","Jul-20-26 11:57:48 PDT","Aug-20-26 11:57:48 PDT","CDs","176984","","","Good","","","","","","US","","",""
"327270215525",Mannheim Steamroller Christmas in the Aire CD 1995 American Gramaphone,,efd77af2-001,"1","FIXED_PRICE","USD",9.5,,,9.5,"0","","","Jul-20-26 11:57:48 PDT","Aug-20-26 11:57:48 PDT","CDs","176984","","","Acceptable","","","","","","US","","",""
"327270215526",Dolly Parton Rockstar 2-CD Set 2023 30 Tracks Used,,38c77b82-001,"1","FIXED_PRICE","USD",10.53,,,10.53,"0","1","0","Jul-20-26 11:57:48 PDT","Aug-20-26 11:57:48 PDT","CDs","176984","","","Good","","","","","","US","","",""
"327270215527",Mannheim Steamroller Christmas Celebration CD 2004 American Gramaphone,,014d9feb-001,"1","FIXED_PRICE","USD",8.47,,,8.47,"0","","","Jul-20-26 11:57:48 PDT","Aug-20-26 11:57:48 PDT","CDs","176984","","","Good","","","","","","US","","",""
"327270322902",Antique 1921 Bicentennial Houston Texas W.C. Masonic Convention Medal Badge,,,"1","FIXED_PRICE","USD",45.99,,,45.99,"0","","","Jul-20-26 13:49:05 PDT","Aug-20-26 13:49:05 PDT","Jewels & Medals","50191","","","Used","","","","","","US","","",""
"327270832393",HAR Vintage Gold Plated Rhinestone Dragon Bracelet Brooch & Earrings Set,,,"1","FIXED_PRICE","USD",1199.99,,,1199.99,"0","5","0","Jul-20-26 21:50:04 PDT","Aug-20-26 21:50:04 PDT","Jewelry Sets","50692","","","Pre-owned","","","","","","US","","",""
"327272374014",HOUSBAY HFD-W05 White Noise Machine 31 Sounds Wood Grain w/ Adapter Tested,,3294f135-001,"1","FIXED_PRICE","USD",30.06,,,30.06,"0","","","Jul-21-26 21:44:33 PDT","Aug-21-26 21:44:33 PDT","Sound Therapy","82594","","","Used","","","","","","US","","",""
"327272374015",Vintage 1978 Current 500 Piece Puzzler Pheasant Pierre DeBernay Uncounted,,226bf4fd-001,"1","FIXED_PRICE","USD",24.99,,,24.99,"0","","","Jul-21-26 21:44:33 PDT","Aug-21-26 21:44:33 PDT","Jigsaw","19189","","","New","","","","","","US","","",""
"327272374018",Disney 101 Dalmatians Playful Pups Counted Cross Stitch Kit #31001,,e1378aa5-001,"1","FIXED_PRICE","USD",24.99,,,24.99,"0","","","Jul-21-26 21:44:33 PDT","Aug-21-26 21:44:33 PDT","Cross Stitch Kits","34017","","","Used","","","","","","US","","",""
"327272374021",Disney Princess Young Lumiere 5 in Plush Just Play Beauty and the Beast,,387b0357-001,"1","FIXED_PRICE","USD",20.4,,,20.4,"0","","","Jul-21-26 21:44:33 PDT","Aug-21-26 21:44:33 PDT","Disney","2597","","","Used","","","","","","US","","",""
"327272374022",GE Energy Smart 50 LED C5 Warm White String Lights Tested w/ Box,,74e96427-001,"1","FIXED_PRICE","USD",32.86,,,32.86,"0","","","Jul-21-26 21:44:33 PDT","Aug-21-26 21:44:33 PDT","String Lights","38229","","","Used","","","","","","US","","",""
"327272374025",Hallmark Feeling Fruity 550-Piece Jigsaw Puzzle Sealed,,f8534068-001,"1","FIXED_PRICE","USD",19.99,,,19.99,"0","","","Jul-21-26 21:44:33 PDT","Aug-21-26 21:44:33 PDT","Jigsaw","19183","","","Used","","","","","","US","","",""
"327272374026",Set of 5 Fluted Plastic Dessert Bowls Red & Teal Nesting Approx. 4 in,,3f911fb3-001,"1","FIXED_PRICE","USD",17.86,,,17.86,"0","","","Jul-21-26 21:44:33 PDT","Aug-21-26 21:44:33 PDT","Bowls","36028","","","Used","","","","","","US","","",""
"327272374835","Set of 8 Clear Glass Lowball Rocks Tumblers, Approx. 3.5 in. Dia.",,14c5e4fd-001,"1","FIXED_PRICE","USD",24.99,,,24.99,"0","","","Jul-21-26 21:48:06 PDT","Aug-21-26 21:48:06 PDT","Glassware & Drinkware","20696","","","Used","","","","","","US","","",""
"327272374837",1985 Hoyle Jungle Jabberer 550-Piece Macaw Jigsaw Puzzle Sealed,,9743ee4c-001,"1","FIXED_PRICE","USD",24.99,,,24.99,"0","","","Jul-21-26 21:48:06 PDT","Aug-21-26 21:48:06 PDT","Jigsaw","19189","","","Used","","","","","","US","","",""
"327272374839",AIM Accessories 3/5 Gallon Bucket Storage Seat Organizer Yellow,,e8ffd069-001,"1","FIXED_PRICE","USD",19.99,,,19.99,"0","","","Jul-21-26 21:48:06 PDT","Aug-21-26 21:48:06 PDT","Storage Boxes","159897","","","Used","","","","","","US","","",""
"327272374840",Floral Accordion File Organizer Box Handle 14 x 12 x 5,,b86f92f5-001,"1","FIXED_PRICE","USD",34.99,,,34.99,"0","1","0","Jul-21-26 21:48:06 PDT","Aug-21-26 21:48:06 PDT","Files & Supplies","25346","","","Used","","","","","","US","","",""
"327272374841",Baker's Advantage by Roshco 4-Cup Baked Apple Pan Black Steel w/ Rack,,a8e7cc8d-001,"1","FIXED_PRICE","USD",30.74,,,30.74,"0","","","Jul-21-26 21:48:06 PDT","Aug-21-26 21:48:06 PDT","Other Bakeware & Ovenware","25846","","","Used","","","","","","US","","",""
"327272374842",Poinsettia No-Sew Fleece Throw Kit 72 x 60 Red & Green Polyester,,b302fcb9-001,"1","FIXED_PRICE","USD",29.99,,,29.99,"0","","","Jul-21-26 21:48:06 PDT","Aug-21-26 21:48:06 PDT","Fabric","28162","","","Used","","","","","","US","","",""
"327272374843",Vintage Milton Bradley Bengal Tiger 1000-Piece Jigsaw Puzzle Sealed,,8013dfd3-001,"1","FIXED_PRICE","USD",24.99,,,24.99,"0","1","0","Jul-21-26 21:48:06 PDT","Aug-21-26 21:48:06 PDT","Jigsaw","19189","","","Used","","","","","","US","","",""
"327272374844",Vintage 1985 Milton Bradley Just Imagine Fall Finale 1000 Pc Puzzle,,a70c4b71-001,"1","FIXED_PRICE","USD",24.99,,,24.99,"0","1","0","Jul-21-26 21:48:06 PDT","Aug-21-26 21:48:06 PDT","Jigsaw","19189","","","Used","","","","","","US","","",""
"327272374845",MB Super Big Ben New England Farm 2000-Piece Jigsaw Puzzle Sealed,,610dd783-001,"1","FIXED_PRICE","USD",29.99,,,29.99,"0","","","Jul-21-26 21:48:06 PDT","Aug-21-26 21:48:06 PDT","Jigsaw","19183","","","Used","","","","","","US","","",""
"327272374846",Set of 2 Stainless Steel Tumbler Cups Brushed Silver No Handles 4 in,,e1e4fc21-001,"1","FIXED_PRICE","USD",14.99,,,14.99,"0","0","0","Jul-21-26 21:48:06 PDT","Aug-21-26 21:48:06 PDT","Glassware & Drinkware","20696","","","Used","","","","","","US","","",""
"327273520884",Lot of 30 M. Roch Heart 2 Heart Wings 11x14 Patriotic Military Art Prints,,6b34a66b-001,"1","FIXED_PRICE","USD",124.99,,,124.99,"0","","","Jul-22-26 12:24:03 PDT","Aug-22-26 12:24:03 PDT","Art Prints","360","","","Used","","","","","","US","","",""
"327273520885",2 lb Yellow Green Glass Gems Decorative Accents Vase Filler Crafts,,c1a6b021-001,"1","FIXED_PRICE","USD",14.99,,,14.99,"0","","","Jul-22-26 12:24:03 PDT","Aug-22-26 12:24:03 PDT","Glass & Mosaic Tiles","160646","","","Used","","","","","","US","","",""
"327273520887",26 M. Roch Heart2HeartWings Military Aviation Family Art Prints,,247efe3e-001,"1","FIXED_PRICE","USD",89.99,,,89.99,"0","","","Jul-22-26 12:24:03 PDT","Aug-22-26 12:24:03 PDT","Art Prints","360","","","Used","","","","","","US","","",""
"327273520888",Gecko Glass Colored Marbles Beads - Pick and Choose One Or More,Box=Gecko Glass Brand Red Glass Nuggets Gems Pick 1 or More;Gecko Glass Green Flat-Back Nuggets for Mosaic & Crafts;Gecko Glass Yellow & Olive Flat Glass Nuggets Vase Filler,73d86291-e11e-4f95-9202-5a2eb3530ac3,"33","FIXED_PRICE","USD",12.99,,,12.99,"0","","","Jul-22-26 12:24:03 PDT","Aug-22-26 12:24:03 PDT","Glass & Mosaic Tiles","160646","","","Used","","","","","","US","Does not apply","",""
"327273520888",Gecko Glass Colored Marbles Beads - Pick and Choose One Or More,Box=Gecko Glass Brand Red Glass Nuggets Gems Pick 1 or More,73d86291-001,"23","FIXED_PRICE","USD",12.99,,,,"0",,,"Jul-22-26 12:24:03 PDT","Aug-22-26 12:24:03 PDT","Glass & Mosaic Tiles","160646","","","Used",,,,,"","US","Does not apply","",""
"327273520888",Gecko Glass Colored Marbles Beads - Pick and Choose One Or More,Box=Gecko Glass Green Flat-Back Nuggets for Mosaic & Crafts,73d86291-002,"5","FIXED_PRICE","USD",12.99,,,,"0",,,"Jul-22-26 12:24:03 PDT","Aug-22-26 12:24:03 PDT","Glass & Mosaic Tiles","160646","","","Used",,,,,"","US","Does not apply","",""
"327273520888",Gecko Glass Colored Marbles Beads - Pick and Choose One Or More,Box=Gecko Glass Yellow & Olive Flat Glass Nuggets Vase Filler,73d86291-003,"5","FIXED_PRICE","USD",12.99,,,,"0",,,"Jul-22-26 12:24:03 PDT","Aug-22-26 12:24:03 PDT","Glass & Mosaic Tiles","160646","","","Used",,,,,"","US","Does not apply","",""
"327275073524",Black Rolling Scrapbooking Craft Tote Organizer w/ Wheels Telescoping Handle,,6f62c25a-001,"1","FIXED_PRICE","USD",129.0,,,129.0,"0","","","Jul-23-26 10:40:30 PDT","Aug-23-26 10:40:30 PDT","Scrapbooking Totes","146401","","","Used","","","","","","US","","",""
"327275073527",Generations Rolling Scrapbook Craft Tote Black Telescoping Handle,,872bab8c-001,"1","FIXED_PRICE","USD",109.99,,,109.99,"0","","","Jul-23-26 10:40:30 PDT","Aug-23-26 10:40:30 PDT","Makeup Bags & Cases","36413","","","Used","","","","","","US","","",""
"327279023578",Fossil Vintage Wide Leather Cuff Watch Square Date Dial Pre-Owned,,cb3a232d-001,"1","FIXED_PRICE","USD",24.99,,,24.99,"0","","","Jul-26-26 06:38:27 PDT","Aug-26-26 06:38:27 PDT","Wristwatches","31387","","","Pre-owned - Good","","","","","","US","","",""
"327282221072",Candle Dean Jones Nathaniel the Grublet 1979 Vinyl LP BWR-2018 Gatefold,,c9577b45-001,"1","FIXED_PRICE","USD",24.99,,,24.99,"0","","","Jul-27-26 18:26:26 PDT","Aug-27-26 18:26:26 PDT","Vinyl Records","176985","","","Used","","","","","","US","","",""
"327282221073",Batman Batmobile Batwing Vehicle Lot of 5 ERTL Jada Toys 1989 1992,,f2e4e1ee-001,"1","FIXED_PRICE","USD",48.0,,,48.0,"0","","","Jul-27-26 18:26:26 PDT","Aug-27-26 18:26:26 PDT","Collections & Lots","73252","","","Used","","","","","","US","","",""
"327282221075",Vintage Prettique Scooter Dalmatian Dog Plush Black White Name Tag,,5d237ca7-001,"1","FIXED_PRICE","USD",51.99,,,51.99,"0","","","Jul-27-26 18:26:26 PDT","Aug-27-26 18:26:26 PDT","Vintage","165956","","","Used","","","","","","US","","",""
"327282221076",Vintage Mabini Handicraft Carved Wood Bust Pair Made in Philippines,,dd3577a8-001,"1","FIXED_PRICE","USD",70.99,,,70.99,"0","1","0","Jul-27-26 18:26:26 PDT","Aug-27-26 18:26:26 PDT","Sculptures & Figurines","261628","","","For parts or not working","","","","","","US","","",""
"327282221077",Jaws 30th Anniversary Edition DVD 2-Disc Widescreen New Sealed 2005,,1572bc84-001,"1","FIXED_PRICE","USD",23.99,,,23.99,"0","","","Jul-27-26 18:26:26 PDT","Aug-27-26 18:26:26 PDT","DVDs & Blu-ray Discs","617","","","Brand New","","","","","","US","","",""
"327282221078",MetLife Peanuts Snoopy Cowboy Plush 11 in Denim Vest Bandana Hat,,f73e0b50-001,"1","FIXED_PRICE","USD",34.99,,,34.99,"0","","","Jul-27-26 18:26:26 PDT","Aug-27-26 18:26:26 PDT","Plush Items","261062","","","Used","","","","","","US","","",""
"327282221079",Vintage Batman Figure Lot 3 Pc 1988 Applause 1989 Toy Biz 1990 Kenner,,86975926-001,"1","FIXED_PRICE","USD",31.99,,,31.99,"0","","","Jul-27-26 18:26:26 PDT","Aug-27-26 18:26:26 PDT","Mixed Lots","49018","","","Used","","","","","","US","","",""
"327282221080",Lot of 4 Plastic Toy Vehicles Monster Truck Race Car School Bus Trike,,85d74b07-001,"1","FIXED_PRICE","USD",32.99,,,32.99,"0","","","Jul-27-26 18:26:26 PDT","Aug-27-26 18:26:26 PDT","Collections & Lots","73252","","","Used","","","","","","US","","",""
"327282221081",The Andy Griffith Show Complete First Season DVD 4-Disc Set 2004,,50b95a5e-001,"1","FIXED_PRICE","USD",17.99,,,17.99,"0","","","Jul-27-26 18:26:26 PDT","Aug-27-26 18:26:26 PDT","DVDs & Blu-ray Discs","617","","","Good","","","","","","US","","",""
"327282221082",The Big Bang Theory Complete Season 4 DVD 3-Disc Set w/ Slipcover,,a1dece2f-001,"1","FIXED_PRICE","USD",13.0,,,13.0,"0","","","Jul-27-26 18:26:26 PDT","Aug-27-26 18:26:26 PDT","DVDs & Blu-ray Discs","617","","","Acceptable","","","","","","US","","",""
"327282221083",Modern Family: The Complete First Season DVD 2010 4-Disc Set Region 1,,7ffc600d-001,"1","FIXED_PRICE","USD",12.99,,,12.99,"0","","","Jul-27-26 18:26:26 PDT","Aug-27-26 18:26:26 PDT","DVDs & Blu-ray Discs","617","","","Acceptable","","","","","","US","","",""
"327282221084","Vintage 1994 San Antonio Spurs Cheerleader Bear Plush Play by Play 10""",,8f240043-001,"1","FIXED_PRICE","USD",30.99,,,30.99,"0","","","Jul-27-26 18:26:26 PDT","Aug-27-26 18:26:26 PDT","Basketball-NBA","24442","","","Used","","","","","","US","","",""
"327282221085",The Big Bang Theory Complete Third Season 3-Disc DVD Set Widescreen,,38327d1b-001,"1","FIXED_PRICE","USD",15.99,,,15.99,"0","","","Jul-27-26 18:26:26 PDT","Aug-27-26 18:26:26 PDT","DVDs & Blu-ray Discs","617","","","Acceptable","","","","","","US","","",""
"327282221086",Toy Factory DC Justice League Harley Quinn Chibi Plush 10in 2022 w/ Tags,,647e11ea-001,"1","FIXED_PRICE","USD",31.99,,,31.99,"0","","","Jul-27-26 18:26:26 PDT","Aug-27-26 18:26:26 PDT","Warner Bros.","781","","","Used","","","","","","US","","",""
"327282221087",Vintage Craftsman Sears Teddy Bear Plush Denim Overalls Red Hat 12 in,,881f3140-001,"1","FIXED_PRICE","USD",38.0,,,38.0,"0","","","Jul-27-26 18:26:26 PDT","Aug-27-26 18:26:26 PDT","Bears","262345","","","Used","","","","","","US","","",""
"327282221088",1994 Mag-Nif Money Mill 4500 Motorized Coin Sorter Box Manual Tested Working,,8f10b6d1-001,"1","FIXED_PRICE","USD",41.99,,,41.99,"0","","","Jul-27-26 18:26:26 PDT","Aug-27-26 18:26:26 PDT","Coin & Change Sorting","46707","","","For parts or not working","","","","","","US","","",""
"327282235453",Deal or No Deal Interactive DVD Game Show 2006 Howie Mandel New Sealed,,a4865160-001,"1","FIXED_PRICE","USD",26.99,,,26.99,"0","1","0","Jul-27-26 18:38:56 PDT","Aug-27-26 18:38:56 PDT","Video Games","139973","","","Brand New","","","","","","US","","",""
"327282237254",Worldwide Co Control A Man Novelty Remote Gag Gift New Sealed,,6ddb37ff-001,"1","FIXED_PRICE","USD",28.99,,,28.99,"0","","","Jul-27-26 18:41:31 PDT","Aug-27-26 18:41:31 PDT","Party Gags & Tricks","19257","","","Open box","","","","","","US","","",""
"327284046373","2013 McFarlane Assassin's Creed IV Blackbeard 6"" Figure Incomplete",,9285d593-001,"1","FIXED_PRICE","USD",27.99,,,27.99,"0","","","Jul-28-26 18:47:49 PDT","Aug-28-26 18:47:49 PDT","Action Figures","261068","","","Used","","","","","","US","","",""
"327284046374",Big Love: The Complete Second Season DVD 4-Disc Set HBO 2007,,4c73ed87-001,"1","FIXED_PRICE","USD",18.99,,,18.99,"0","","","Jul-28-26 18:47:49 PDT","Aug-28-26 18:47:49 PDT","DVDs & Blu-ray Discs","617","","","Good","","","","","","US","","",""
"327284046375",Mattel Disney Pixar Cars Jerry Recycled Batteries Hauler Cab 1:55,,b920f2ae-001,"1","FIXED_PRICE","USD",52.99,,,52.99,"0","6","0","Jul-28-26 18:47:49 PDT","Aug-28-26 18:47:49 PDT","Contemporary Manufacture","180506","","","Used","","","","","","US","","",""
"327284046376",Prison Break Season One 6-Disc DVD Box Set New Factory Sealed 2006,,989e716b-001,"1","FIXED_PRICE","USD",19.99,,,19.99,"0","","","Jul-28-26 18:47:49 PDT","Aug-28-26 18:47:49 PDT","DVDs & Blu-ray Discs","617","","","Brand New","","","","","","US","","",""
"327284046377",Thomas & Friends MINIS Lot 6 Diesel Super Samson Racing Dash Dino Gator Zebra,,e8fafbc5-001,"1","FIXED_PRICE","USD",29.99,,,29.99,"0","","","Jul-28-26 18:47:49 PDT","Aug-28-26 18:47:49 PDT","Action Figures","261068","","","Used","","","","","","US","","",""
"327284046378",Maisto Builder Zone Quarry Monsters Tow Truck #21194 Orange 8 in,,92ca601a-001,"1","FIXED_PRICE","USD",31.99,,,31.99,"0","","","Jul-28-26 18:47:49 PDT","Aug-28-26 18:47:49 PDT","Contemporary Manufacture","180506","","","Used","","","","","","US","","",""
"327284046379",2005 McDonald's Sharkboy & Lavagirl Mr. Electric Figure Nonworking,,81c0a9d4-001,"1","FIXED_PRICE","USD",27.99,,,27.99,"0","","","Jul-28-26 18:47:49 PDT","Aug-28-26 18:47:49 PDT","Action Figures","261068","","","Used","","","","","","US","","",""
"327284046380",Jada Marvel Spider-Man 2017 Ford GT 1:32 Diecast Car Loose,,80916d4b-001,"1","FIXED_PRICE","USD",23.0,,,23.0,"0","","","Jul-28-26 18:47:49 PDT","Aug-28-26 18:47:49 PDT","Contemporary Manufacture","180506","","","Used","","","","","","US","","",""
"327284046381",DreamWorks TrollsTopia Val Thundershock Purple Hair Figure,,ebba6ff3-001,"1","FIXED_PRICE","USD",22.99,,,22.99,"0","","","Jul-28-26 18:47:49 PDT","Aug-28-26 18:47:49 PDT","Action Figures","261068","","","Used","","","","","","US","","",""
"327284046383",Everybody Loves Raymond Complete Second Season DVD 2004 5-Disc Set,,d3f56ef1-001,"1","FIXED_PRICE","USD",15.99,,,15.99,"0","","","Jul-28-26 18:47:49 PDT","Aug-28-26 18:47:49 PDT","DVDs & Blu-ray Discs","617","","","Good","","","","","","US","","",""
"327284046385",Lights Sound Pullback Airplanes Lot 7 American Southwest Air Force One READ,,5002fcf6-001,"1","FIXED_PRICE","USD",59.99,,,59.99,"0","1","0","Jul-28-26 18:47:49 PDT","Aug-28-26 18:47:49 PDT","Contemporary Manufacture","19029","","","Used","","","","","","US","","",""
"327284046386",2012 Media Research Center Don't Believe the Liberal Media Sticker Roll,,b893cd7a-001,"1","FIXED_PRICE","USD",44.99,,,44.99,"0","","","Jul-28-26 18:47:49 PDT","Aug-28-26 18:47:49 PDT","Stickers","259139","","","New","","","","","","US","","",""
"327284046387",Lord of the Rings Two Towers Special Extended Edition 4-Disc DVD 2003,,07b6efe2-001,"1","FIXED_PRICE","USD",21.99,,,21.99,"0","","","Jul-28-26 18:47:49 PDT","Aug-28-26 18:47:49 PDT","DVDs & Blu-ray Discs","617","","","Good","","","","","","US","","",""
"327284046388",Vintage 1996 Toy Biz Marvel Spider-Man Action Figure Loose,,4c2a2dac-001,"1","FIXED_PRICE","USD",39.99,,,39.99,"0","2","0","Jul-28-26 18:47:49 PDT","Aug-28-26 18:47:49 PDT","Action Figures","261068","","","Used","","","","","","US","","",""
"327284046389",2020 Hot Wheels Bone Shaker GRH82 Black Red Flames 1:64 Loose Thailand,,56446a7a-001,"1","FIXED_PRICE","USD",22.99,,,22.99,"0","2","0","Jul-28-26 18:47:49 PDT","Aug-28-26 18:47:49 PDT","Contemporary Manufacture","180506","","","Used","","","","","","US","","",""
"327284046390",Fiesta 9.5 in Sitting Three-Toed Sloth Plush AY832 Brown Gray w/ Tag,,4a026473-001,"1","FIXED_PRICE","USD",32.99,,,32.99,"0","1","0","Jul-28-26 18:47:49 PDT","Aug-28-26 18:47:49 PDT","Other Stuffed Animals","230","","","Used","","","","","","US","","",""
"327284046392",2008 Jones Soda Pure McCain Cola John McCain Campaign Bottle Sealed 12oz,,eadc8ac9-001,"1","FIXED_PRICE","USD",29.95,,,29.95,"0","","","Jul-28-26 18:47:49 PDT","Aug-28-26 18:47:49 PDT","Presidential Candidates","165560","","","Used","","","","","","US","","",""
"327284046393",Big Love: The Complete Fourth Season DVD 3-Disc Set HBO Bill Paxton,,114dcd51-001,"1","FIXED_PRICE","USD",14.99,,,14.99,"0","","","Jul-28-26 18:47:49 PDT","Aug-28-26 18:47:49 PDT","DVDs & Blu-ray Discs","617","","","Good","","","","","","US","","",""
"327284046394",Big Love Complete Fifth Season 5 DVD 4-Disc Set HBO Bill Paxton 2011,,0ae4fbf0-001,"1","FIXED_PRICE","USD",20.99,,,20.99,"0","","","Jul-28-26 18:47:49 PDT","Aug-28-26 18:47:49 PDT","DVDs & Blu-ray Discs","617","","","Acceptable","","","","","","US","","",""
"327285586853",Hand Carved Black Wood Roaring Tiger Figurine Folk Art Sculpture,,3257a361-001,"1","FIXED_PRICE","USD",49.99,,,49.99,"0","","","Jul-29-26 12:49:28 PDT","Aug-29-26 12:49:28 PDT","Sculptures & Figurines","261628","","","Used","","","","","","US","","",""
"327285586854",Hasbro Littlest Pet Shop LPS Lot of 14 Mixed Animal Figures,,f929c6f5-001,"1","FIXED_PRICE","USD",43.0,,,43.0,"0","","","Jul-29-26 12:49:28 PDT","Aug-29-26 12:49:28 PDT","Littlest Pet Shop","150925","","","Used","","","","","","US","","",""
"327285586855",B. Toys Wood & Wheels Wooden Vehicle Lot of 4 Fire Police Helicopter Excavator,,9915a80d-001,"1","FIXED_PRICE","USD",32.99,,,32.99,"0","","","Jul-29-26 12:49:28 PDT","Aug-29-26 12:49:28 PDT","Wooden & Handcrafted Toys","1197","","","Used","","","","","","US","","",""
"327285586856","Vintage Mattel Max Steel 12"" Action Figure Mask Shorts Gloves Incomplete",,18b7b8a3-001,"1","FIXED_PRICE","USD",31.99,,,31.99,"0","","","Jul-29-26 12:49:28 PDT","Aug-29-26 12:49:28 PDT","Action Figures","261068","","","Used","","","","","","US","","",""
"327285586857",Mattel WWE Superstars Cody Rhodes Legacy 2-Pack Figure Loose 2025,,60ac32c8-001,"1","FIXED_PRICE","USD",35.99,,,35.99,"0","","","Jul-29-26 12:49:28 PDT","Aug-29-26 12:49:28 PDT","Action Figures","261068","","","Used","","","","","","US","","",""
"327285586858",Transformers Cybertron Mudflap Landmine 2005 Incomplete 2 Figure Lot,,e7ea0a77-001,"1","FIXED_PRICE","USD",42.99,,,42.99,"0","","","Jul-29-26 12:49:28 PDT","Aug-29-26 12:49:28 PDT","Action Figures","261068","","","Used","","","","","","US","","",""
"327285586859",Papo Ice Wolf 36033 Fantasy Figure Gray Crystal Spikes 2021,,526e850d-001,"1","FIXED_PRICE","USD",27.99,,,27.99,"0","","","Jul-29-26 12:49:28 PDT","Aug-29-26 12:49:28 PDT","Action Figures","261068","","","Used","","","","","","US","","",""
"327285586860",Fiskars 9997 Non-Stick 8 in Scissors Orange Made in USA New,,18ad8382-001,"1","FIXED_PRICE","USD",36.0,,,36.0,"0","1","0","Jul-29-26 12:49:28 PDT","Aug-29-26 12:49:28 PDT","Scissors & Paper Edgers","83986","","","New","","","","","","US","","",""
"327285586861",Fiskars Premium 8 in Non-Stick Scissors Orange Bent Handle New Sealed,,7f183cdd-001,"1","FIXED_PRICE","USD",29.99,,,29.99,"0","","","Jul-29-26 12:49:28 PDT","Aug-29-26 12:49:28 PDT","Scissors & Paper Edgers","83986","","","Used","","","","","","US","","",""
"327285586862",Creative Memories All-Purpose Scissors Blue 6.5 in New Sealed,,11bc5b65-001,"1","FIXED_PRICE","USD",25.25,,,25.25,"0","","","Jul-29-26 12:49:28 PDT","Aug-29-26 12:49:28 PDT","Scissors & Paper Edgers","83986","","","New","","","","","","US","","",""
"327285586863",Vintage Brass Mortar & Pestle Spice Grinder Made in India 4.25in Tall,,c311ef76-001,"1","FIXED_PRICE","USD",50.99,,,50.99,"0","1","0","Jul-29-26 12:49:28 PDT","Aug-29-26 12:49:28 PDT","Mortar & Pestles","98853","","","Used","","","","","","US","","",""
"327285586864",Vintage Duncan Hyper Imperial Yo-Yo Translucent Red Made in USA,,33d2c402-001,"1","FIXED_PRICE","USD",29.99,,,29.99,"0","","","Jul-29-26 12:49:28 PDT","Aug-29-26 12:49:28 PDT","1970-Now","2663","","","Used","","","","","","US","","",""
"327285586865",Mixed Educational Magnet Lot Learning Resources Wands Horseshoes Science,,927baf6b-001,"1","FIXED_PRICE","USD",80.95,,,80.95,"0","","","Jul-29-26 12:49:28 PDT","Aug-29-26 12:49:28 PDT","Other Science & Nature Toys","11737","","","Used","","","","","","US","","",""
"327285586866",2014 McDonald's Mr. Peabody & Sherman #1 Sherman Bobblehead Toy,,1bf5fd49-001,"1","FIXED_PRICE","USD",23.99,,,23.99,"0","","","Jul-29-26 12:49:28 PDT","Aug-29-26 12:49:28 PDT","Fast Food","767","","","Used","","","","","","US","","",""
"327285586867",Noble Collection Fantastic Beasts Pickett Bowtruckle Bendable Figure NN5006,,723fd53f-001,"1","FIXED_PRICE","USD",27.99,,,27.99,"0","","","Jul-29-26 12:49:28 PDT","Aug-29-26 12:49:28 PDT","Action Figures","261068","","","Used","","","","","","US","","",""
"327285586868",VTech PAW Patrol Chase Learning Watch Blue 80-199500 Powers On,,a9f67cf9-001,"1","FIXED_PRICE","USD",25.99,,,25.99,"0","","","Jul-29-26 12:49:28 PDT","Aug-29-26 12:49:28 PDT","Other Electronic Learning Toys","145932","","","Used","","","","","","US","","",""
"327285586869",Vintage Schleich 13227 Hanoverian Mare Horse Figure Retired 1995-2004,,9062c64a-001,"1","FIXED_PRICE","USD",28.99,,,28.99,"0","","","Jul-29-26 12:49:28 PDT","Aug-29-26 12:49:28 PDT","Other Model Horses","1341","","","Used","","","","","","US","","",""
"327285586870",Shopkins Season 8 World Vacation Lot 29 Figures + 2 Display Blocks,,d03dfb72-001,"1","FIXED_PRICE","USD",36.99,,,36.99,"0","","","Jul-29-26 12:49:28 PDT","Aug-29-26 12:49:28 PDT","Mixed Lots","49018","","","Used","","","","","","US","","",""
"327285586871",My Little Pony: The Movie Glitter & Style Seapony Pinkie Pie,,30a81043-001,"1","FIXED_PRICE","USD",28.0,,,28.0,"0","","","Jul-29-26 12:49:28 PDT","Aug-29-26 12:49:28 PDT","Action Figures","261068","","","Used","","","","","","US","","",""
"327285586873",Frantisek Dubek Tropical Fish Art Print 11x14 With Artist Bio,,ae002853-001,"1","FIXED_PRICE","USD",50.99,,,50.99,"0","","","Jul-29-26 12:49:28 PDT","Aug-29-26 12:49:28 PDT","Art Prints","360","","","Used","","","","","","US","","",""
"327285586874",My Little Pony G4 Mixed Figure Lot of 10 Rainbow Dash Twilight Pinkie Pie,,2da96a1a-001,"1","FIXED_PRICE","USD",41.99,,,41.99,"0","","","Jul-29-26 12:49:28 PDT","Aug-29-26 12:49:28 PDT","Mixed Lots","49018","","","Used","","","","","","US","","",""
"327285586875",Lanard Ultra Corps Arctic Patrol Avalanche 12in Action Figure Incomplete,,c9b76532-001,"1","FIXED_PRICE","USD",27.99,,,27.99,"0","","","Jul-29-26 12:49:28 PDT","Aug-29-26 12:49:28 PDT","Action Figures","261068","","","Used","","","","","","US","","",""
"327287709326",Bose Wave Music System IV 417788-WMS AM/FM Radio CD /w Remote Tested Works READ,,6c4d1722-001,"1","FIXED_PRICE","USD",349.99,,,349.99,"0","2","0","Jul-30-26 17:21:22 PDT","Aug-30-26 17:21:22 PDT","Compact & Shelf Stereos","4787","","","Used","","","","","","US","","",""
"327287816610",The Big Bang Theory Complete First Season DVD 3-Disc Widescreen Region 1,,3cd57826-001,"1","FIXED_PRICE","USD",13.99,,,13.99,"0","","","Jul-30-26 19:13:09 PDT","Aug-30-26 19:13:09 PDT","DVDs & Blu-ray Discs","617","","","Acceptable","","","","","","US","","",""
"327287816611",Grande Communications TiVo URC-7021BC1-XXXX-R Remote Control Netflix,,017f3450-001,"1","FIXED_PRICE","USD",22.0,,,22.0,"0","","","Jul-30-26 19:13:09 PDT","Aug-30-26 19:13:09 PDT","Remote Controls","61312","","","Used","","","","","","US","","",""
"327287816612",CSI: Miami Complete First Season DVD 2004 7-Disc Set Region 1 Widescreen,,a7b0b476-001,"1","FIXED_PRICE","USD",14.5,,,14.5,"0","","","Jul-30-26 19:13:09 PDT","Aug-30-26 19:13:09 PDT","DVDs & Blu-ray Discs","617","","","Good","","","","","","US","","",""
"327287816613",Vintage Chinese Brass Fu Good Fortune Animal Wall Hanging Tray Scalloped,,85c96ac4-001,"1","FIXED_PRICE","USD",69.99,,,69.99,"0","","","Jul-30-26 19:13:09 PDT","Aug-30-26 19:13:09 PDT","Brass","3630","","","Used","","","","","","US","","",""
"327287816614",2006 Zach Duke Pittsburgh Pirates PNC Park SGA Bobblehead w/ Box,,bc44d515-001,"1","FIXED_PRICE","USD",26.99,,,26.99,"0","","","Jul-30-26 19:13:09 PDT","Aug-30-26 19:13:09 PDT","Baseball-MLB","24410","","","Used","","","","","","US","","",""
"327287816615",AT&T U-verse S10-S3 Universal DVR TV Remote Control Black,,af34b4a9-001,"1","FIXED_PRICE","USD",23.99,,,23.99,"0","","","Jul-30-26 19:13:09 PDT","Aug-30-26 19:13:09 PDT","Remote Controls","61312","","","Used","","","","","","US","","",""
"327287816617",Vintage Shoe Shine Boy Wooden Box Kit Brushes Kiwi Meltonian Polish Lot,,8a12bcd6-001,"1","FIXED_PRICE","USD",94.99,,,94.99,"0","1","0","Jul-30-26 19:13:09 PDT","Aug-30-26 19:13:09 PDT","Shoe Care Sets","141475","","","Pre-owned","","","","","","US","","",""
"327287816618",Vintage Wizard Card Game 60 Cards Rules Score Pad Made in Hong Kong,,6cff042d-001,"1","FIXED_PRICE","USD",27.99,,,27.99,"0","","","Jul-30-26 19:13:09 PDT","Aug-30-26 19:13:09 PDT","Card Games-Vintage","146004","","","Used","","","","","","US","","",""
"327287816619",The Big Bang Theory Complete Second Season DVD 4-Disc Set 2009,,c82c8b46-001,"1","FIXED_PRICE","USD",13.49,,,13.49,"0","","","Jul-30-26 19:13:09 PDT","Aug-30-26 19:13:09 PDT","DVDs & Blu-ray Discs","617","","","Good","","","","","","US","","",""
"327287816620",Brown Flocked Beaver Groundhog Miniature Figurine 2 in,,f5a0b1b7-001,"1","FIXED_PRICE","USD",30.99,,,30.99,"0","","","Jul-30-26 19:13:09 PDT","Aug-30-26 19:13:09 PDT","Sculptures & Figurines","261628","","","Used","","","","","","US","","",""
"327287816622",Toshiba CT-9954 OEM TV VCR Cable Remote Control 23306269 Untested,,1d626e2e-001,"1","FIXED_PRICE","USD",22.99,,,22.99,"0","","","Jul-30-26 19:13:09 PDT","Aug-30-26 19:13:09 PDT","Remote Controls","61312","","","For parts or not working","","","","","","US","","",""
"327287816623",Vintage Mexican Aztec Calendar Brass Wall Plaques Set of 2 Folk Art,,0b108fe8-001,"1","FIXED_PRICE","USD",55.99,,,55.99,"0","","","Jul-30-26 19:13:09 PDT","Aug-30-26 19:13:09 PDT","Folk Art","149367","","","Used","","","","","","US","","",""
"327287816624",Genuine Holmes AER1 Smoke Grabber HEPA Filter HAPF30AS-U4R Sealed,,db2ad173-001,"1","FIXED_PRICE","USD",29.99,,,29.99,"0","","","Jul-30-26 19:13:09 PDT","Aug-30-26 19:13:09 PDT","Air Filters","43509","","","Open box","","","","","","US","","",""
"327287816625",Vintage London Leather Japan Wooden Men's Dresser Valet Organizer Tray,,b28ab85a-001,"1","FIXED_PRICE","USD",34.99,,,34.99,"0","1","0","Jul-30-26 19:13:09 PDT","Aug-30-26 19:13:09 PDT","Jewelry Boxes, Organizers & Packaging","262017","","","Pre-owned","","","","","","US","","",""
"327287816626",Coach F19401 Metallic Pewter Signature Stitched Leather Tote Handbag,,e5c14179-001,"1","FIXED_PRICE","USD",46.99,,,46.99,"0","","","Jul-30-26 19:13:09 PDT","Aug-30-26 19:13:09 PDT","Women's Bags & Handbags","169291","","","Pre-owned - Good","","","","","","US","","",""
"327287848310",Set of 4 Ceramic Animal Cabinet Knobs Koala Panda Donkey Lion Drawer Pulls,,593d39c1-001,"1","FIXED_PRICE","USD",33.99,,,33.99,"0","","","Jul-30-26 19:46:36 PDT","Aug-30-26 19:46:36 PDT","Cabinet Knobs","259155","","","New","","","","","","US","","",""
"327288004493",CSI: Miami Complete Second Season DVD 7-Disc Set 2005 Region 1,,d3f721a4-001,"1","FIXED_PRICE","USD",16.99,,,16.99,"0","","","Jul-30-26 22:11:25 PDT","Aug-30-26 22:11:25 PDT","DVDs & Blu-ray Discs","617","","","Good","","","","","","US","","",""
"327288004494",Pride and Prejudice Special Edition 2-Disc DVD 2001 A&E BBC Colin Firth,,50e94b67-001,"1","FIXED_PRICE","USD",17.99,,,17.99,"0","","","Jul-30-26 22:11:25 PDT","Aug-30-26 22:11:25 PDT","DVDs & Blu-ray Discs","617","","","Good","","","","","","US","","",""
"327288004495",Saved by the Bell Seasons 1 & 2 DVD 5-Disc Set 2003 Lions Gate,,9749c9a3-001,"1","FIXED_PRICE","USD",15.99,,,15.99,"0","","","Jul-30-26 22:11:25 PDT","Aug-30-26 22:11:25 PDT","DVDs & Blu-ray Discs","617","","","Acceptable","","","","","","US","","",""
"327288004497",Death at a Funeral DVD 2007 Frank Oz Full Screen Widescreen Peter Dinklage,,a42eab08-001,"1","FIXED_PRICE","USD",13.99,,,13.99,"0","","","Jul-30-26 22:11:25 PDT","Aug-30-26 22:11:25 PDT","DVDs & Blu-ray Discs","617","","","Good","","","","","","US","","",""
"327288004498",Star Wars Trilogy DVD 2005 3-Disc Full Screen Limited Edition Box Set,,fa80554c-001,"1","FIXED_PRICE","USD",19.0,,,19.0,"0","2","0","Jul-30-26 22:11:25 PDT","Aug-30-26 22:11:25 PDT","DVDs & Blu-ray Discs","617","","","Good","","","","","","US","","",""
"327288004499",King of the Cage Underground Extreme 5-Disc DVD Set 2006 MMA,,0000a3a4-001,"1","FIXED_PRICE","USD",14.99,,,14.99,"0","","","Jul-30-26 22:11:25 PDT","Aug-30-26 22:11:25 PDT","DVDs & Blu-ray Discs","617","","","Good","","","","","","US","","",""
"327288004500",Troy DVD 2009 Widescreen Brad Pitt Eric Bana Orlando Bloom Region 1,,3a0768e6-001,"1","FIXED_PRICE","USD",14.99,,,14.99,"0","","","Jul-30-26 22:11:25 PDT","Aug-30-26 22:11:25 PDT","DVDs & Blu-ray Discs","617","","","Good","","","","","","US","","",""
"327288004502",Rizzoli & Isles Complete First Season DVD 3-Disc Set Angie Harmon,,f8c2205b-001,"1","FIXED_PRICE","USD",16.99,,,16.99,"0","","","Jul-30-26 22:11:25 PDT","Aug-30-26 22:11:25 PDT","DVDs & Blu-ray Discs","617","","","Good","","","","","","US","","",""
"327288004503",Twilight Breaking Dawn Part 2 Target Exclusive 3-Disc Deluxe Edition DVD,,f9895f23-001,"1","FIXED_PRICE","USD",16.99,,,16.99,"0","0","0","Jul-30-26 22:11:25 PDT","Aug-30-26 22:11:25 PDT","DVDs & Blu-ray Discs","617","","","Good","","","","","","US","","",""
"327288004504",Sex and the City: The Movie DVD 2008 Widescreen Region 1,,9763b3e2-001,"1","FIXED_PRICE","USD",13.99,,,13.99,"0","","","Jul-30-26 22:11:25 PDT","Aug-30-26 22:11:25 PDT","DVDs & Blu-ray Discs","617","","","Good","","","","","","US","","",""
"327288004505",Home Alone Family Fun Edition DVD 2006 Widescreen Macaulay Culkin,,12b6946a-001,"1","FIXED_PRICE","USD",16.99,,,16.99,"0","","","Jul-30-26 22:11:25 PDT","Aug-30-26 22:11:25 PDT","DVDs & Blu-ray Discs","617","","","Good","","","","","","US","","",""
"327288004506",Grey's Anatomy Complete Fifth Season More Moments 7-Disc DVD Region 1,,db25c56b-001,"1","FIXED_PRICE","USD",15.99,,,15.99,"0","","","Jul-30-26 22:11:25 PDT","Aug-30-26 22:11:25 PDT","DVDs & Blu-ray Discs","617","","","Good","","","","","","US","","",""
"327288004508",I Dream of Jeannie Complete First Season DVD 4-Disc Color 2006 Sony,,b3aaabc9-001,"1","FIXED_PRICE","USD",16.99,,,16.99,"0","","","Jul-30-26 22:11:25 PDT","Aug-30-26 22:11:25 PDT","DVDs & Blu-ray Discs","617","","","Acceptable","","","","","","US","","",""
"327288718137",Vintage Scotch C-38 Weighted Desktop Tape Dispenser Beige Made in USA,,e7ee62a2-001,"1","FIXED_PRICE","USD",29.99,,,29.99,"0","","","Jul-31-26 09:30:30 PDT","Aug-31-26 09:30:30 PDT","Tape Dispensers","117534","","","Used","","","","","","US","","",""
"327288718138",Audiotronics 304A Vintage 4-Speed Portable Record Player Tested Working,,e549009c-001,"1","FIXED_PRICE","USD",234.99,,,234.99,"0","","","Jul-31-26 09:30:30 PDT","Aug-31-26 09:30:30 PDT","Vintage Record Players","48649","","","Used","","","","","","US","","",""
"327288718146",Fisher-Price 1931-1963 2nd Ed Value Guide Murray Fox 1991 Paperback,,1f047d72-001,"1","FIXED_PRICE","USD",24.99,,,24.99,"0","","","Jul-31-26 09:30:30 PDT","Aug-31-26 09:30:30 PDT","Books","261186","","","Good","","","","","","US","","",""
"327288718151",Vintage Revere Model 85 8mm Movie Projector w/ Case Tested Working,,0382c3bb-001,"1","FIXED_PRICE","USD",129.99,,,129.99,"0","","","Jul-31-26 09:30:30 PDT","Aug-31-26 09:30:30 PDT","Vintage Projectors & Screens","11722","","","","","","","","","US","","",""
"327288740494",McFarlane Assassin's Creed IV Blackbeard 6 in Action Figure Loose 2013,,143d5422-001,"1","FIXED_PRICE","USD",45.99,,,45.99,"0","","","Jul-31-26 09:51:29 PDT","Aug-31-26 09:51:29 PDT","Action Figures","261068","","","Used","","","","","","US","","",""
"327289033353",Kenny G Paradise CD 2002 Arista 07822-14738-2 Smooth Jazz,,e41a04f5-001,"1","FIXED_PRICE","USD",13.99,,,13.99,"0","","","Jul-31-26 14:32:14 PDT","Aug-31-26 14:32:14 PDT","CDs","176984","","","Good","","","","","","US","","",""
"327289033354",1995 NYT Crossword Companion The Luminator Sealed Herbko,,24ee5f15-001,"1","FIXED_PRICE","USD",29.99,,,29.99,"0","","","Jul-31-26 14:32:14 PDT","Aug-31-26 14:32:14 PDT","Other Contemporary Puzzles","2615","","","New","","","","","","US","","",""
"327289033356",Celine Dion Self-Titled CD 1992 Epic EK 52473 Pop Album,,b132bf57-001,"1","FIXED_PRICE","USD",16.99,,,16.99,"0","","","Jul-31-26 14:32:14 PDT","Aug-31-26 14:32:14 PDT","CDs","176984","","","Good","","","","","","US","","",""
"327289033357",Buffalo Games Photomosaics Dolphin 1000 Piece Puzzle Sealed Robert Silvers,,4285dde7-001,"1","FIXED_PRICE","USD",32.99,,,32.99,"0","","","Jul-31-26 14:32:14 PDT","Aug-31-26 14:32:14 PDT","Jigsaw","19189","","","Used","","","","","","US","","",""
"327289033358",Kenny G Duotones CD 1986 Arista ARCD 8427 Made in Japan,,6ec788dd-001,"1","FIXED_PRICE","USD",16.99,,,16.99,"0","","","Jul-31-26 14:32:14 PDT","Aug-31-26 14:32:14 PDT","CDs","176984","","","Good","","","","","","US","","",""
"327290753489",Vintage Carved Wood Resting Dog Pipe Rest Folk Art Tobacciana Pipe Not Included,,f5e1e0bf-001,"1","FIXED_PRICE","USD",49.99,,,49.99,"0","","","Aug-01-26 14:15:10 PDT","Sep-01-26 14:15:10 PDT","Ashtrays","594","","","Used","","","","","","US","","",""
"327290761576",Vintage Dooney & Bourke All Weather Leather Brass Duck Fob Medallion,,c1b98397-001,"1","FIXED_PRICE","USD",33.95,,,33.95,"0","","","Aug-01-26 14:29:56 PDT","Sep-01-26 14:29:56 PDT","Handbag Accessories","163570","","","Pre-owned - Good","","","","","","US","","",""
"327292184797",Oriel F-11-20 UV-IR Monochromator w/ Schoeffel Quartz 50mm Lens FOR PARTS/REPAIR,,febae838-001,"1","AUCTION","USD",100.0,0.0,0.0,100.0,"0","","","Aug-02-26 12:10:56 PDT","Aug-09-26 12:10:56 PDT","Spectrometers & Spectrophotometers","185238","","","For parts or not working","","","","","","US","","",""